system:index,B11,B11_B12,B11_B12_change,B11_B12_wet,B11_change,B11_wet,B12,B12_change,B12_wet,B2,B2_change,B2_wet,B3,B3_change,B3_wet,B4,B4_B3,B4_B3_change,B4_B3_wet,B4_change,B4_wet,B8,B8_B4,B8_B4_change,B8_B4_wet,B8_change,B8_wet,NDVI,NDVI_change,NDVI_wet,elevation,region_id,slope,.geo
00000000000000000064_0,0.2917,1.3417664,0.39680502,1.7385714,-0.048300013,0.2434,0.2174,-0.0774,0.14,0.11555,-0.009549998,0.106,0.1026,-0.007600002,0.095,0.1169,1.1393762,-0.20042883,0.9389474,-0.0277,0.0892,0.1553,1.328486,0.73541546,2.0639014,0.028799996,0.1841,0.14107278,0.20616472,0.3472375,651,1,0.92740995,"{""geodesic"":false,""type"":""Point"",""coordinates"":[76.1356788429733,14.473521110441112]}"
00000000000000000065_0,0.3322,1.4269758,0.08573598,1.5127119,-0.046599984,0.2856,0.2328,-0.044,0.1888,0.1205,-0.0167,0.1038,0.1157,-0.0163,0.0994,0.1345,1.1624892,-0.05081914,1.11167,-0.023999996,0.1105,0.2282,1.6966543,0.23728228,1.9339366,-0.014500007,0.2137,0.25834024,0.05998177,0.318322,677,1,0.9575573,"{""geodesic"":false,""type"":""Point"",""coordinates"":[76.07459340365318,14.416567921427935]}"
00000000000000000066_0,0.2544,1.6349616,0.25924265,1.8942043,-0.048500016,0.2059,0.1556,-0.046899997,0.1087,0.11835,-0.015749998,0.1026,0.1094,-0.010899998,0.0985,0.1083,0.9899452,-0.25695026,0.7329949,-0.0361,0.0722,0.27115,2.5036933,1.335642,3.8393354,0.0060500205,0.2772,0.4291738,0.15754631,0.5867201,635,1,0.0,"{""geodesic"":false,""type"":""Point"",""coordinates"":[76.17718100909963,14.47253296362858]}"
00000000000000000067_0,0.1785,1.5076014,0.39678568,1.904387,-0.009199992,0.1693,0.1184,-0.0295,0.0889,0.11235,-0.012050003,0.1003,0.09675,-0.008549996,0.0882,0.0953,0.9850129,-0.18569317,0.79931974,-0.024799995,0.0705,0.1546,1.6222456,1.1479671,2.7702127,0.040700004,0.1953,0.23729491,0.23223104,0.46952593,706,1,5.9933147,"{""geodesic"":false,""type"":""Point"",""coordinates"":[76.12112613537057,14.44764963025847]}"
00000000000000000068_0,0.2222,1.6095618,0.2018807,1.8114425,0.0025999993,0.2248,0.13805,-0.013950005,0.1241,0.12265,-0.02245,0.1002,0.1141,-0.021300003,0.0928,0.1073,0.9404031,-0.13113591,0.8092672,-0.0322,0.0751,0.27705,2.582013,0.7881603,3.3701732,-0.02394998,0.2531,0.44165474,0.10069752,0.54235226,680,1,2.086653,"{""geodesic"":false,""type"":""Point"",""coordinates"":[76.10091404147788,14.4080339262288]}"
00000000000000000069_0,0.33115,1.55433,0.04443545,1.5987655,-0.07214999,0.259,0.21305,-0.051049992,0.162,0.12585,-0.026450008,0.0994,0.126,-0.030500002,0.0955,0.14795,1.1742063,-0.28310677,0.8910995,-0.06284999,0.0851,0.2826,1.9101048,1.2438319,3.1539366,-0.014199972,0.2684,0.31273952,0.20578949,0.518529,690,1,5.99305,"{""geodesic"":false,""type"":""Point"",""coordinates"":[76.12202445065469,14.42321545453042]}"
0000000000000000006a_0,0.3528,1.3759751,0.4193597,1.7953348,-0.11420001,0.2386,0.2564,-0.12349999,0.1329,0.1264,-0.023699991,0.1027,0.123,-0.026600003,0.0964,0.1515,1.2317073,-0.35203928,0.879668,-0.066700004,0.0848,0.2182,1.440264,1.2378021,2.678066,0.008900002,0.2271,0.18041654,0.27581945,0.45623598,690,1,2.6642895,"{""geodesic"":false,""type"":""Point"",""coordinates"":[76.13558901144489,14.39788296351825]}"
0000000000000000006b_0,0.2828,1.3835616,0.29718292,1.6807445,-0.047999993,0.2348,0.2044,-0.06470001,0.1397,0.1296,-0.0198,0.1098,0.1223,-0.020499997,0.1018,0.1336,1.0923958,-0.17392813,0.9184676,-0.040099993,0.0935,0.2063,1.5441618,0.4954103,2.039572,-0.015600011,0.1907,0.21388645,0.12812617,0.34201264,634,1,0.92740995,"{""geodesic"":false,""type"":""Point"",""coordinates"":[76.17987595495198,14.481336453412952]}"
0000000000000000006c_0,0.2691,1.6171875,0.16638817,1.7835758,-0.060600013,0.2085,0.1664,-0.049500003,0.1169,0.1159,-0.016000003,0.0999,0.1095,-0.016199999,0.0933,0.1119,1.0219178,-0.047641348,0.9742765,-0.021000005,0.0909,0.23195,2.0728328,-0.09043458,1.9823983,-0.051750004,0.1802,0.3491348,-0.019736039,0.32939875,682,1,5.317623,"{""geodesic"":false,""type"":""Point"",""coordinates"":[76.14861458306463,14.440013950343454]}"
0000000000000000006d_0,0.26275,1.3578812,0.17315759,1.5310388,-0.01365,0.2491,0.1935,-0.0308,0.1627,0.1144,-0.004900001,0.1095,0.10155,0.0025499985,0.1041,0.1154,1.136386,-0.19690473,0.9394813,-0.0176,0.0978,0.16365,1.418111,1.0818889,2.5,0.08084999,0.2445,0.1729081,0.25566334,0.4285714,655,1,3.9934661,"{""geodesic"":false,""type"":""Point"",""coordinates"":[76.10450730261437,14.465436272884036]}"
0000000000000000006e_0,0.2291,1.4847699,0.65990585,2.1446757,-0.04380001,0.1853,0.1543,-0.0679,0.0864,0.1136,-0.0189,0.0947,0.0998,-0.0154,0.0844,0.0977,0.97895795,-0.26213327,0.71682465,-0.0372,0.0605,0.1903,1.9477994,1.9943494,3.9421487,0.048199996,0.2385,0.32152778,0.27378994,0.5953177,725,1,4.724554,"{""geodesic"":false,""type"":""Point"",""coordinates"":[76.14708744708162,14.405698306490088]}"
0000000000000000006f_0,0.3844,1.3827338,0.08776977,1.4705037,-0.077800006,0.3066,0.278,-0.0695,0.2085,0.14705,-0.013549998,0.1335,0.14565,-0.015349999,0.1303,0.17255,1.1846893,-0.16473533,1.019954,-0.039649993,0.1329,0.25575,1.4821792,0.696903,2.1790822,0.033850014,0.2896,0.19425638,0.17663121,0.3708876,639,1,4.6273675,"{""geodesic"":false,""type"":""Point"",""coordinates"":[76.17268943267904,14.466244756639744]}"
00000000000000000070_0,0.2783,1.6704681,-0.04246799,1.6280001,0.0066000223,0.2849,0.1666,0.008399993,0.175,0.1194,0.013000004,0.1324,0.1155,0.009599999,0.1251,0.1079,0.9341991,0.1473356,1.0815347,0.027399994,0.1353,0.2963,2.746061,-0.9256619,1.8203992,-0.049999997,0.2463,0.46610588,-0.17522536,0.2908805,643,1,3.3742352,"{""geodesic"":false,""type"":""Point"",""coordinates"":[76.17709117757121,14.457351435326961]}"
00000000000000000071_0,0.2608,1.544109,0.54737365,2.0914826,-0.061900005,0.1989,0.1689,-0.0738,0.0951,0.1158,-0.016999997,0.0988,0.1049,-0.010600001,0.0943,0.1126,1.0734032,-0.33321238,0.7401908,-0.0428,0.0698,0.1817,1.6136768,1.9823117,3.5959885,0.06929998,0.251,0.23479445,0.33004346,0.56483793,711,1,7.616803,"{""geodesic"":false,""type"":""Point"",""coordinates"":[76.13900260952455,14.429144335405608]}"
00000000000000000072_0,0.24245,1.5536687,1.2875127E-4,1.5537975,0.05215001,0.2946,0.15605,0.03355001,0.1896,0.1285,-0.010499999,0.118,0.1209,-0.007299997,0.1136,0.11945,0.98800665,0.06392992,1.0519366,4.9993396E-5,0.1195,0.20585,1.7233152,0.055764295,1.7790794,0.0067499876,0.2126,0.26560098,0.014736262,0.28033724,633,1,4.7245154,"{""geodesic"":false,""type"":""Point"",""coordinates"":[76.17520471547456,14.470287175418282]}"
00000000000000000073_0,0.3347,1.3998327,0.39081317,1.7906458,-0.09349999,0.2412,0.2391,-0.104399994,0.1347,0.1219,-1.0000169E-4,0.1218,0.1164,-0.0061000064,0.1103,0.1379,1.1847079,-0.24273136,0.9419764,-0.033999994,0.1039,0.1953,1.4162437,0.7675869,2.1838305,0.0316,0.2269,0.17226893,0.19955695,0.37182587,673,1,5.9927254,"{""geodesic"":false,""type"":""Point"",""coordinates"":[76.07459340365318,14.393211724040826]}"
00000000000000000074_0,0.23895,1.7667283,0.008451684,1.77518,-0.041549996,0.1974,0.13525,-0.024050005,0.1112,0.1116,-0.0092999935,0.1023,0.1059,-0.0119999945,0.0939,0.0882,0.83286124,0.0010045436,0.83386576,-0.009900004,0.0783,0.28645,3.2477324,-0.7279366,2.5197957,-0.08915,0.1973,0.52916056,-0.09737533,0.4317852,661,1,0.92740995,"{""geodesic"":false,""type"":""Point"",""coordinates"":[76.11214298252938,14.465166778298801]}"
00000000000000000075_0,0.16555,1.8653522,-0.052929766,1.8124223,-0.019649997,0.1459,0.08875,-0.008249998,0.0805,0.1134,-0.0013999939,0.112,0.10635,-0.010949999,0.0954,0.09165,0.8617772,0.0040508937,0.8658281,-0.009050004,0.0826,0.23725,2.5886524,-0.31020203,2.2784505,-0.049050003,0.1882,0.44268775,-0.052732047,0.3899557,675,1,4.7236047,"{""geodesic"":false,""type"":""Point"",""coordinates"":[76.18140309093499,14.404530496620733]}"
00000000000000000076_0,0.2484,1.3716179,0.6459745,2.0175924,-0.03050001,0.2179,0.1811,-0.07309999,0.108,0.1144,-0.0141,0.1003,0.1048,-0.011399999,0.0934,0.1085,1.0353053,-0.24622604,0.78907925,-0.034799993,0.0737,0.1887,1.7391707,1.4711412,3.210312,0.04789999,0.2366,0.26985198,0.25512382,0.52497584,719,1,6.724924,"{""geodesic"":false,""type"":""Point"",""coordinates"":[76.13675682131425,14.425730737325953]}"
00000000000000000077_0,0.207,1.7329426,0.4637787,2.1967213,-0.0194,0.1876,0.11945,-0.034050003,0.0854,0.1084,-0.0069999993,0.1014,0.098,-0.0053999946,0.0926,0.0789,0.8051021,-0.10315829,0.7019438,-0.013900004,0.065,0.2584,3.2750316,0.9311226,4.2061543,0.0150000155,0.2734,0.5321672,0.08367208,0.61583924,635,1,2.9401476,"{""geodesic"":false,""type"":""Point"",""coordinates"":[76.17942679730993,14.468041387207982]}"
00000000000000000078_0,0.3072,1.3702053,0.18226886,1.5524741,-0.021700025,0.2855,0.2242,-0.040299997,0.1839,0.1206,-0.011,0.1096,0.114,-0.013700001,0.1003,0.1412,1.2385966,-0.17977299,1.0588236,-0.035000004,0.1062,0.1986,1.4065155,0.7742754,2.180791,0.033000007,0.2316,0.16892286,0.20230271,0.37122557,667,1,2.9400997,"{""geodesic"":false,""type"":""Point"",""coordinates"":[76.16451476359354,14.43381557488303]}"
00000000000000000079_0,0.1482,2.1478262,0.14195606,2.2897823,-0.011500001,0.1367,0.069,-0.009299997,0.0597,0.108,-0.014400005,0.0936,0.1025,-0.018,0.0845,0.0812,0.79219514,-0.103437744,0.6887574,-0.023000002,0.0582,0.2735,3.3682263,1.1111547,4.479381,-0.012800008,0.2607,0.5421483,0.092847,0.6349953,671,1,3.0161443,"{""geodesic"":false,""type"":""Point"",""coordinates"":[76.11645489589314,14.415849269200638]}"
0000000000000000007a_0,0.0278,1.9508772,-0.1047232,1.846154,-0.006199999,0.0216,0.01425,-0.0025500003,0.0117,0.1156,-0.0010999963,0.1145,0.0988,-0.0017000064,0.0971,0.0771,0.78036433,0.014692339,0.7950567,1.0000169E-4,0.0772,0.05855,0.75940335,-0.050854187,0.7085492,-0.0038500018,0.0547,-0.136749,-0.033834815,-0.17058381,646,1,1.8543341,"{""geodesic"":false,""type"":""Point"",""coordinates"":[76.07585104505094,14.470107512361459]}"
0000000000000000007b_0,0.3128,1.3321975,0.23334959,1.5655472,-0.023799986,0.289,0.2348,-0.0502,0.1846,0.11775,-0.008249998,0.1095,0.1075,-0.005400002,0.1021,0.1307,1.215814,-0.17957498,1.036239,-0.024900004,0.1058,0.1741,1.3320581,0.47701567,1.8090737,0.01730001,0.1914,0.14238842,0.14563312,0.28802153,659,1,3.0164604,"{""geodesic"":false,""type"":""Point"",""coordinates"":[76.18239123774752,14.44172074938328]}"
0000000000000000007c_0,0.35085,1.3096305,0.31340936,1.6230398,-0.081749976,0.2691,0.2679,-0.102099985,0.1658,0.1314,-0.009500004,0.1219,0.13495,-0.023549996,0.1114,0.16575,1.2282327,-0.20848402,1.0197487,-0.052149996,0.1136,0.23905,1.4422323,0.49878886,1.9410212,-0.018549994,0.2205,0.1810771,0.138887,0.31996408,638,1,5.439266,"{""geodesic"":false,""type"":""Point"",""coordinates"":[76.15660958909329,14.477473697691238]}"
0000000000000000007d_0,0.3423,1.5391188,0.32754785,1.8666666,-0.087500006,0.2548,0.2224,-0.085899994,0.1365,0.1296,-0.018300004,0.1113,0.1275,-0.0216,0.1059,0.1561,1.2243137,-0.34329394,0.88101983,-0.062800005,0.0933,0.2371,1.5188981,1.1541995,2.6730976,0.0123,0.2494,0.20600203,0.24949841,0.45550045,678,1,3.415669,"{""geodesic"":false,""type"":""Point"",""coordinates"":[76.16577240499132,14.413423817933516]}"
0000000000000000007e_0,0.2205,1.4244187,0.18794842,1.612367,0.022,0.2425,0.1548,-0.0044,0.1504,0.1228,-0.0189,0.1039,0.109,-0.015000001,0.094,0.1152,1.0568807,-0.07283814,0.9840426,-0.022699997,0.0925,0.1565,1.3585069,0.5571688,1.9156756,0.020700008,0.1772,0.15200588,0.16204678,0.31405267,677,1,4.2480793,"{""geodesic"":false,""type"":""Point"",""coordinates"":[76.12049731467168,14.402644034524082]}"
0000000000000000007f_0,0.1606,2.0188563,0.036316328,2.0551724,-0.011600003,0.149,0.07955,-0.00705,0.0725,0.11055,5.0000846E-5,0.1106,0.10165,-0.0046499968,0.097,0.085,0.8362027,-0.04341921,0.79278344,-0.008100003,0.0769,0.24745,2.9111764,-0.06332198,2.8478544,-0.028449997,0.219,0.4886449,-0.008415083,0.48022982,649,1,3.416026,"{""geodesic"":false,""type"":""Point"",""coordinates"":[76.1776301667417,14.446391988860702]}"
00000000000000000080_0,0.2391,1.6432989,0.20797856,1.8512775,-0.036199987,0.2029,0.1455,-0.035900004,0.1096,0.1154,-0.0024000034,0.113,0.1093,-0.0062000006,0.1031,0.1051,0.9615736,-0.12743199,0.8341416,-0.019099995,0.086,0.2505,2.3834443,0.2619045,2.6453488,-0.022999987,0.2275,0.40888637,0.042469274,0.45135567,651,1,0.92740995,"{""geodesic"":false,""type"":""Point"",""coordinates"":[76.09534448671634,14.452410701264304]}"
00000000000000000081_0,0.2188,1.5595152,0.4106533,1.9701685,-0.0669,0.1519,0.1403,-0.063200004,0.0771,0.1149,-0.017099999,0.0978,0.0988,-0.009900004,0.0889,0.1036,1.048583,-0.2859283,0.76265466,-0.035800003,0.0678,0.1656,1.5984555,1.4162937,3.0147493,0.0388,0.2044,0.23031203,0.27152485,0.5018369,761,1,18.139603,"{""geodesic"":false,""type"":""Point"",""coordinates"":[76.13954159869502,14.423664612172479]}"
00000000000000000082_0,0.3308,1.435764,0.86022866,2.2959926,-0.078700006,0.2521,0.2304,-0.12059999,0.1098,0.14275,-0.024849996,0.1179,0.14785,-0.03395001,0.1139,0.1742,1.1782211,-0.43634224,0.74187887,-0.0897,0.0845,0.27925,1.6030425,2.844295,4.4473376,0.09655002,0.3758,0.23166832,0.40117985,0.63284814,661,1,3.4160922,"{""geodesic"":false,""type"":""Point"",""coordinates"":[76.08231891509661,14.452410701264304]}"
00000000000000000083_0,0.355,1.3150584,0.05304247,1.3681008,-0.040199995,0.3148,0.26995,-0.039849997,0.2301,0.119,-0.013400003,0.1056,0.1125,-0.012099996,0.1004,0.14885,1.323111,-0.121915884,1.2011952,-0.028249994,0.1206,0.20335,1.3661404,0.2889176,1.655058,-0.0037499964,0.1996,0.15474163,0.09197916,0.24672079,665,1,2.0867586,"{""geodesic"":false,""type"":""Point"",""coordinates"":[76.12840248917193,14.461663348690735]}"
00000000000000000084_0,0.24525,1.4615614,0.07564621,1.5372076,-0.028349996,0.2169,0.1678,-0.02669999,0.1411,0.1172,-0.010200001,0.107,0.10725,-0.010449998,0.0968,0.11315,1.0550116,-0.0074909884,1.0475206,-0.011749998,0.1014,0.19325,1.7079098,0.030748919,1.7386588,-0.016949996,0.1763,0.26142296,0.008292543,0.26971552,662,1,3.4162726,"{""geodesic"":false,""type"":""Point"",""coordinates"":[76.12840248917193,14.469029534020514]}"
00000000000000000085_0,0.24435,1.6317196,0.26529047,1.8970101,-0.015949994,0.2284,0.14975,-0.029349998,0.1204,0.11535,-0.014449999,0.1009,0.1092,-0.0077000037,0.1015,0.1034,0.9468864,-0.16363521,0.7832512,-0.023900002,0.0795,0.2411,2.3317215,0.99029106,3.3220124,0.022999987,0.2641,0.39970973,0.13754289,0.5372526,694,1,10.781758,"{""geodesic"":false,""type"":""Point"",""coordinates"":[76.13199575030842,14.442259738553753]}"
00000000000000000086_0,0.3207,1.3379223,0.46940368,1.8073261,-0.073999986,0.2467,0.2397,-0.1032,0.1365,0.1206,-0.012699999,0.1079,0.1131,-0.0088,0.1043,0.1422,1.2572944,-0.32344967,0.9338447,-0.04479999,0.0974,0.1871,1.3157525,0.9286007,2.2443533,0.03150001,0.2186,0.13634984,0.24719447,0.3835443,667,1,0.0,"{""geodesic"":false,""type"":""Point"",""coordinates"":[76.16882667695732,14.427796862479429]}"
00000000000000000087_0,0.3097,1.301534,0.076988064,1.378522,-0.05040002,0.2593,0.23795,-0.049850002,0.1881,0.1293,-0.019099995,0.1102,0.1228,-0.027800001,0.095,0.1299,1.0578176,-0.21044911,0.8473684,-0.049399994,0.0805,0.2384,1.835258,0.98089105,2.816149,-0.011700004,0.2267,0.29459682,0.18131463,0.47591144,685,1,0.0,"{""geodesic"":false,""type"":""Point"",""coordinates"":[76.08465453483532,14.393391387097651]}"
00000000000000000088_0,0.24555,1.3931916,0.9614182,2.3546097,-0.07955001,0.166,0.17625,-0.105749995,0.0705,0.1148,-0.012800001,0.102,0.10545,-0.010249995,0.0952,0.1212,1.14936,-0.37309948,0.7762605,-0.047300003,0.0739,0.1576,1.30033,3.028493,4.328823,0.1623,0.3199,0.13055953,0.49412307,0.6246826,659,1,3.0165355,"{""geodesic"":false,""type"":""Point"",""coordinates"":[76.15508245311028,14.447739461786881]}"
00000000000000000089_0,0.2176,1.5399859,0.50859237,2.0485783,-0.044699997,0.1729,0.1413,-0.056899995,0.0844,0.1128,-0.0154,0.0974,0.1036,-0.012700006,0.0909,0.1038,1.0019305,-0.287959,0.71397144,-0.038899995,0.0649,0.1944,1.8728324,1.6572137,3.530046,0.034700006,0.2291,0.30382293,0.25468045,0.5585034,741,1,10.665423,"{""geodesic"":false,""type"":""Point"",""coordinates"":[76.1492434037635,14.410279714439097]}"
0000000000000000008a_0,0.2554,1.5238663,0.51613355,2.04,-0.07180001,0.1836,0.1676,-0.0776,0.09,0.1248,-0.023699999,0.1011,0.1186,-0.027500004,0.0911,0.127,1.0708263,-0.26841137,0.80241495,-0.053900003,0.0731,0.218,1.7165353,1.383328,3.0998633,0.0086000115,0.2266,0.26376808,0.24841076,0.51217884,687,1,2.086622,"{""geodesic"":false,""type"":""Point"",""coordinates"":[76.08492402942055,14.392133745699883]}"
0000000000000000008b_0,0.16055,2.2190738,0.07323397,2.2923079,-0.026449993,0.1341,0.07235,-0.0138500035,0.0585,0.1091,-0.015699998,0.0934,0.10345,-0.014449999,0.089,0.07985,0.7718705,-0.10108398,0.6707865,-0.020150002,0.0597,0.3049,3.8184092,0.7846058,4.603015,-0.030099988,0.2748,0.58492523,0.058124073,0.6430493,666,1,5.439047,"{""geodesic"":false,""type"":""Point"",""coordinates"":[76.10917854209178,14.444954684406111]}"
0000000000000000008c_0,0.2326,1.7742182,-0.14144629,1.6327718,0.019499987,0.2521,0.1311,0.023300007,0.1544,0.118,-0.010399997,0.1076,0.111,-0.007100001,0.1039,0.1076,0.9693694,-0.028079676,0.9412897,-0.009800002,0.0978,0.2691,2.5009294,-0.06739153,2.433538,-0.031100005,0.238,0.42872313,-0.011212698,0.41751042,672,1,0.9576182,"{""geodesic"":false,""type"":""Point"",""coordinates"":[76.11393961309761,14.430940965973846]}"
0000000000000000008d_0,0.313,1.4207897,0.36295488,1.7837447,-0.06719999,0.2458,0.2203,-0.08250001,0.1378,0.1216,-0.0045000017,0.1171,0.1177,-0.009200007,0.1085,0.1311,1.1138487,-0.23550773,0.878341,-0.035800003,0.0953,0.2288,1.7452327,1.0595944,2.804827,0.03850001,0.2673,0.2714643,0.20288764,0.47435194,674,1,3.4157708,"{""geodesic"":false,""type"":""Point"",""coordinates"":[76.17197078045173,14.422766296888359]}"
0000000000000000008e_0,0.26325,1.5116278,0.2762741,1.787902,-0.02974999,0.2335,0.17415,-0.04355,0.1306,0.1156,-0.014899999,0.1007,0.1094,-0.010399997,0.099,0.1063,0.9716636,-0.21004742,0.7616162,-0.030899994,0.0754,0.22865,2.1509879,1.2906566,3.4416444,0.030849993,0.2595,0.36527842,0.1844379,0.5497163,667,1,3.4162033,"{""geodesic"":false,""type"":""Point"",""coordinates"":[76.12768383694464,14.462741327031678]}"
0000000000000000008f_0,0.3502,1.2951185,0.48131013,1.7764285,-0.101500005,0.2487,0.2704,-0.13039999,0.14,0.1255,-0.02539999,0.1001,0.1213,-0.027799994,0.0935,0.14905,1.2287717,-0.34534925,0.8834224,-0.06645,0.0826,0.2079,1.394834,1.1911224,2.5859563,0.005699992,0.2136,0.16486904,0.2773997,0.44226873,682,1,8.884437,"{""geodesic"":false,""type"":""Point"",""coordinates"":[76.11438877073968,14.447829293315294]}"
00000000000000000090_0,0.33645,1.5458305,-0.03159668,1.5142338,-0.08645001,0.25,0.21765,-0.052550003,0.1651,0.1385,-0.020700008,0.1178,0.13405,-0.026949994,0.1071,0.1653,1.233122,-0.14255242,1.0905696,-0.048499994,0.1168,0.238,1.4398065,0.090159245,1.5299658,-0.059300005,0.1787,0.18026285,0.029212601,0.20947546,638,1,3.825938,"{""geodesic"":false,""type"":""Point"",""coordinates"":[76.1672097094459,14.477922855333297]}"
00000000000000000091_0,0.2864,1.5153439,0.35150895,1.8668529,-0.085899994,0.2005,0.189,-0.081599995,0.1074,0.1293,-0.012400001,0.1169,0.1229,-0.0167,0.1062,0.1405,1.1432058,-0.29386494,0.84934086,-0.050299995,0.0902,0.2193,1.5608542,0.5943565,2.1552107,-0.024900004,0.1944,0.21901059,0.14711732,0.3661279,639,1,2.9401584,"{""geodesic"":false,""type"":""Point"",""coordinates"":[76.0860918392899,14.475856730179823]}"
00000000000000000092_0,0.25285,1.522734,0.07238438,1.5951184,-0.03064999,0.2222,0.16605,-0.026749998,0.1393,0.11755,-0.009050004,0.1085,0.10905,-0.0076499954,0.1014,0.1157,1.0609812,-0.041257378,1.0197238,-0.0123,0.1034,0.2122,1.8340536,-0.16867648,1.6653771,-0.040000007,0.1722,0.29429704,-0.044659905,0.24963714,685,1,3.374027,"{""geodesic"":false,""type"":""Point"",""coordinates"":[76.12525838567753,14.41450179627446]}"
00000000000000000093_0,0.198,1.983968,-0.26910198,1.7148659,0.013099998,0.2111,0.0998,0.0233,0.1231,0.1116,-0.006799996,0.1048,0.1035,-0.008299999,0.0952,0.0868,0.83864737,0.006940859,0.8455882,-0.0063000023,0.0805,0.2715,3.12788,-0.6781906,2.4496894,-0.07429999,0.1972,0.5154898,-0.09525213,0.42023766,648,1,0.92740995,"{""geodesic"":false,""type"":""Point"",""coordinates"":[76.12148546148421,14.480707632714068]}"
00000000000000000094_0,0.38075,1.4565799,0.041102406,1.4976823,-0.025350004,0.3554,0.2614,-0.02410002,0.2373,0.13745,-0.016849995,0.1206,0.1405,-0.019799992,0.1207,0.17775,1.2651247,-0.15493408,1.1101905,-0.043750003,0.134,0.27575,1.5513362,0.4165743,1.9679104,-0.012050003,0.2637,0.21609703,0.1100282,0.32612523,696,1,0.0,"{""geodesic"":false,""type"":""Point"",""coordinates"":[76.12525838567753,14.42096966632012]}"
00000000000000000095_0,0.2347,1.4302254,0.53578025,1.9660057,-0.026500002,0.2082,0.1641,-0.05820001,0.1059,0.1179,-0.013800003,0.1041,0.1051,-0.0036000013,0.1015,0.114,1.0846813,-0.29748917,0.7871921,-0.034100004,0.0799,0.167,1.4649123,1.5726348,3.037547,0.0757,0.2427,0.18861209,0.31603765,0.50464976,722,1,6.6359286,"{""geodesic"":false,""type"":""Point"",""coordinates"":[76.14124839773484,14.412794997234633]}"
00000000000000000096_0,0.34325,1.3774077,0.35471103,1.7321187,-0.08655,0.2567,0.2492,-0.100999996,0.1482,0.12675,-0.023650005,0.1031,0.121,-0.020499997,0.1005,0.14105,1.1657025,-0.31396115,0.8517413,-0.055449992,0.0856,0.2037,1.4441688,1.0534946,2.4976635,0.010099992,0.2138,0.18172592,0.24646378,0.4281897,672,1,3.373969,"{""geodesic"":false,""type"":""Point"",""coordinates"":[76.07800700173283,14.40255420299567]}"
00000000000000000097_0,0.2092,1.7910959,0.3003201,2.091416,-0.021599993,0.1876,0.1168,-0.027100004,0.0897,0.1222,-0.021299995,0.1009,0.1112,-0.017399997,0.0938,0.10215,0.91861516,-0.19899891,0.71961623,-0.034649998,0.0675,0.2556,2.5022027,1.1881676,3.6903703,-0.0065000057,0.2491,0.42893082,0.1446636,0.57359445,674,1,4.776877,"{""geodesic"":false,""type"":""Point"",""coordinates"":[76.08393588260802,14.404710159677556]}"
00000000000000000098_0,0.20575,1.7488313,-0.3365671,1.4122642,0.09365,0.2994,0.11765,0.094349995,0.212,0.11975,5.0000846E-5,0.1198,0.11235,-0.0022500008,0.1101,0.1046,0.93101907,0.20158763,1.1326067,0.020100005,0.1247,0.2965,2.834608,-0.64375,2.1908581,-0.023299992,0.2732,0.47843432,-0.10522496,0.37320936,655,1,3.0165594,"{""geodesic"":false,""type"":""Point"",""coordinates"":[76.08519352400579,14.449625923883533]}"
00000000000000000099_0,0.3851,1.327931,0.42664525,1.7545763,-0.1263,0.2588,0.29,-0.1425,0.1475,0.1267,-0.0088,0.1179,0.1229,-0.0154,0.1075,0.1586,1.29048,-0.35280567,0.9376744,-0.057800002,0.1008,0.22265,1.4038461,0.94734436,2.3511906,0.014349997,0.237,0.16800001,0.23519716,0.40319717,676,1,4.2483826,"{""geodesic"":false,""type"":""Point"",""coordinates"":[76.09004442654003,14.422496802303124]}"
0000000000000000009a_0,0.2842,1.4934314,0.63788164,2.131313,-0.15760002,0.1266,0.1903,-0.1309,0.0594,0.1206,-0.014799997,0.1058,0.1161,-0.019000001,0.0971,0.1316,1.1335057,-0.33329973,0.80020595,-0.05390001,0.0777,0.2081,1.5813069,0.7957845,2.3770914,-0.023400009,0.1847,0.22519869,0.18257572,0.4077744,659,1,2.0867045,"{""geodesic"":false,""type"":""Point"",""coordinates"":[76.17107246516761,14.434264732525088]}"
0000000000000000009b_0,0.2659,1.4585847,0.55819714,2.0167818,-0.061599985,0.2043,0.1823,-0.081,0.1013,0.1166,-0.018600002,0.098,0.1057,-0.0154,0.0903,0.1144,1.0823084,-0.30932948,0.7729789,-0.044600002,0.0698,0.1918,1.6765734,1.7632548,3.4398282,0.048299998,0.2401,0.25277597,0.29675615,0.5495321,741,1,5.317215,"{""geodesic"":false,""type"":""Point"",""coordinates"":[76.14511115345655,14.406596621774208]}"
0000000000000000009c_0,0.19925,1.881492,0.08813678,1.9696288,-0.024149999,0.1751,0.1059,-0.016999997,0.0889,0.1146,-0.018200003,0.0964,0.1072,-0.014999993,0.0922,0.09485,0.88479483,-0.12882954,0.7559653,-0.025150001,0.0697,0.27015,2.8481812,0.6439275,3.4921088,-0.026750013,0.2434,0.48027396,0.074500844,0.5547748,691,1,2.1268983,"{""geodesic"":false,""type"":""Point"",""coordinates"":[76.09121223640939,14.394469365438594]}"
0000000000000000009d_0,0.29715,1.4033058,0.13766873,1.5409745,-0.018849999,0.2783,0.21175,-0.031149998,0.1806,0.1149,0.0053000003,0.1202,0.1037,0.007100001,0.1108,0.10975,1.0583414,0.030106248,1.0884477,0.010849997,0.1206,0.17855,1.6268793,-0.09537018,1.531509,0.0061499923,0.1847,0.23864031,-0.028682895,0.2099574,667,1,2.1270678,"{""geodesic"":false,""type"":""Point"",""coordinates"":[76.08860712208545,14.4162984268427]}"
0000000000000000009e_0,0.1643,2.0692694,0.14863607,2.2179055,-0.032999992,0.1313,0.0794,-0.020200003,0.0592,0.11395,-0.021049999,0.0929,0.1048,-0.0229,0.0819,0.0875,0.8349236,-0.12918496,0.70573866,-0.0297,0.0578,0.2536,2.8982859,1.2193614,4.117647,-0.015599996,0.238,0.48695397,0.12224144,0.6091954,683,1,2.1269326,"{""geodesic"":false,""type"":""Point"",""coordinates"":[76.08950543736957,14.39887111033078]}"
0000000000000000009f_0,0.3234,1.3873874,0.34537122,1.7327586,-0.08219999,0.2412,0.2331,-0.093899995,0.1392,0.1228,-0.0058000013,0.117,0.1144,-0.008500002,0.1059,0.1383,1.2089161,-0.31089908,0.89801705,-0.0432,0.0951,0.19075,1.379248,1.0781653,2.4574132,0.042950004,0.2337,0.15939827,0.26213458,0.42153287,671,1,2.6645067,"{""geodesic"":false,""type"":""Point"",""coordinates"":[76.08312739885231,14.433096922655734]}"
000000000000000000a0_0,0.2,1.8544275,0.07910735,1.9335349,-0.008000001,0.192,0.10785,-0.008550003,0.0993,0.11145,0.0019499958,0.1134,0.1043,-0.003399998,0.1009,0.0845,0.810163,-0.026218528,0.7839445,-0.005400002,0.0791,0.3008,3.5597632,-0.2980693,3.261694,-0.04280001,0.258,0.56138074,-0.030677691,0.53070307,673,1,4.6819034,"{""geodesic"":false,""type"":""Point"",""coordinates"":[76.0928292039208,14.42420360134295]}"
000000000000000000a1_0,0.36365,1.3924947,0.12232584,1.5148206,-0.072349995,0.2913,0.26115,-0.068849996,0.1923,0.12415,-0.019450001,0.1047,0.11975,-0.02205,0.0977,0.16585,1.3849686,-0.120895,1.2640736,-0.04235,0.1235,0.2414,1.4555322,0.37928578,1.8348179,-0.014799997,0.2266,0.1855126,0.10897472,0.29448733,679,1,4.7245955,"{""geodesic"":false,""type"":""Point"",""coordinates"":[76.12651602707528,14.45411750030413]}"
000000000000000000a2_0,0.026,1.5853659,0.39628553,1.9816514,-0.0044,0.0216,0.0164,-0.0055,0.0109,0.1134,-0.0046999976,0.1087,0.0948,0.0034999996,0.0983,0.0768,0.8101266,-0.026810242,0.7833164,1.9999593E-4,0.077,0.0532,0.6927083,-0.0017992058,0.6909091,0.0,0.0532,-0.18153849,-0.0012572118,-0.1827957,649,1,0.0,"{""geodesic"":false,""type"":""Point"",""coordinates"":[76.07387475142588,14.46417863148627]}"
000000000000000000a3_0,0.2728,1.4850299,0.5139539,1.9989839,-0.07609999,0.1967,0.1837,-0.0853,0.0984,0.1164,-0.016900003,0.0995,0.1003,-0.001699999,0.0986,0.1032,1.0289133,-0.3402723,0.688641,-0.0353,0.0679,0.1404,1.3604652,3.2978559,4.658321,0.1759,0.3163,0.15270936,0.4938289,0.64653826,697,1,1.3328669,"{""geodesic"":false,""type"":""Point"",""coordinates"":[76.14061957703596,14.398242289631897]}"
000000000000000000a4_0,0.2252,1.3978895,0.11715084,1.5150403,-0.018700004,0.2065,0.1611,-0.024800003,0.1363,0.1229,-0.012900002,0.11,0.1066,-0.007100001,0.0995,0.11215,1.0520637,-0.14352103,0.90854275,-0.021749996,0.0904,0.1448,1.291128,0.6989162,1.9900442,0.035099998,0.1799,0.12706755,0.20404603,0.33111358,637,1,2.1275237,"{""geodesic"":false,""type"":""Point"",""coordinates"":[76.16846735084367,14.475317741009352]}"
000000000000000000a5_0,0.1892,1.8901098,0.26703298,2.1571429,-0.023100004,0.1661,0.1001,-0.023100004,0.077,0.1136,-0.011200003,0.1024,0.1069,-0.0119,0.095,0.0939,0.878391,-0.076285765,0.8021053,-0.017700002,0.0762,0.2671,2.8445153,0.91663927,3.7611547,0.019499987,0.2866,0.47977838,0.10015544,0.5799338,671,1,3.8258717,"{""geodesic"":false,""type"":""Point"",""coordinates"":[76.07639003422142,14.416208595314286]}"
000000000000000000a6_0,0.3069,1.3787062,0.41182905,1.7905352,-0.07609999,0.2308,0.2226,-0.09369999,0.1289,0.1218,-0.013899997,0.1079,0.1171,-0.008600004,0.1085,0.1468,1.2536293,-0.3771316,0.87649775,-0.051699996,0.0951,0.2078,1.4155314,1.7590218,3.1745532,0.0941,0.3019,0.17202483,0.34888196,0.5209068,652,1,1.3330556,"{""geodesic"":false,""type"":""Point"",""coordinates"":[76.16083167092866,14.459417560480436]}"
000000000000000000a7_0,0.3334,1.4752213,0.39268714,1.8679085,-0.11280002,0.2206,0.226,-0.10789999,0.1181,0.13035,-0.016849995,0.1135,0.1278,-0.025300004,0.1025,0.1443,1.129108,-0.29788846,0.8312195,-0.059100002,0.0852,0.2616,1.8128897,0.94650006,2.7593899,-0.026499987,0.2351,0.28898743,0.17901134,0.46799877,677,1,4.2481904,"{""geodesic"":false,""type"":""Point"",""coordinates"":[76.09031392112527,14.410010219853863]}"
000000000000000000a8_0,0.3287,1.3275445,0.4048412,1.7323856,-0.048400015,0.2803,0.2476,-0.08580001,0.1618,0.1241,-0.018299997,0.1058,0.1166,-0.014899999,0.1017,0.1392,1.1938251,-0.2429893,0.95083576,-0.042500004,0.0967,0.2089,1.5007184,1.1063136,2.607032,0.043199986,0.2521,0.20022982,0.2452977,0.44552752,669,1,3.3741283,"{""geodesic"":false,""type"":""Point"",""coordinates"":[76.11142433030209,14.43525287933762]}"
000000000000000000a9_0,0.2144,1.7262479,0.3752013,2.1014493,-0.05489999,0.1595,0.1242,-0.048299998,0.0759,0.1102,-0.013500005,0.0967,0.0994,-0.012099996,0.0873,0.0941,0.94668007,-0.17119329,0.77548677,-0.0264,0.0677,0.198,2.1041446,1.1321923,3.2363367,0.0211,0.2191,0.3557001,0.1721939,0.527894,724,1,13.77208,"{""geodesic"":false,""type"":""Point"",""coordinates"":[76.13954159869502,14.42465275898501]}"
000000000000000000aa_0,0.3056,1.3534101,0.1378355,1.4912456,-0.007499993,0.2981,0.2258,-0.025899991,0.1999,0.11285,-0.0011500046,0.1117,0.1027,0.0019999966,0.1047,0.12155,1.1835443,-0.07943733,1.1041069,-0.005950004,0.1156,0.1706,1.4035376,0.25563198,1.6591696,0.021200001,0.1918,0.16789319,0.07999231,0.2478855,669,1,1.8543341,"{""geodesic"":false,""type"":""Point"",""coordinates"":[76.12184478759787,14.459417560480436]}"
000000000000000000ab_0,0.2555,1.7010652,0.1112967,1.812362,-0.009199992,0.2463,0.1502,-0.014299989,0.1359,0.1221,-0.018000007,0.1041,0.1168,-0.014900006,0.1019,0.1221,1.0453767,-0.11701555,0.9283612,-0.027500004,0.0946,0.2447,2.0040948,0.6016133,2.6057084,0.0018000007,0.2465,0.33424208,0.111081876,0.44532394,681,1,0.0,"{""geodesic"":false,""type"":""Point"",""coordinates"":[76.07360525684065,14.413962807103989]}"
000000000000000000ac_0,0.2672,1.5356321,0.3725223,1.9081545,-0.0449,0.2223,0.174,-0.057499997,0.1165,0.1232,-0.013499998,0.1097,0.1177,-0.012500003,0.1052,0.1234,1.0484282,-0.19481604,0.8536122,-0.033600003,0.0898,0.2497,2.0235007,1.0243834,3.0478842,0.024000004,0.2737,0.33851513,0.16739959,0.5059147,645,1,2.9401546,"{""geodesic"":false,""type"":""Point"",""coordinates"":[76.15032138210445,14.47298212127064]}"
000000000000000000ad_0,0.2251,1.4323894,0.45587358,1.888263,-0.023999989,0.2011,0.15715,-0.05065,0.1065,0.11635,-0.016550004,0.0998,0.10345,-0.011849999,0.0916,0.1069,1.0333494,-0.23094769,0.8024017,-0.0334,0.0735,0.17095,1.599158,1.3028828,2.902041,0.04235001,0.2133,0.23052005,0.25692764,0.4874477,711,1,4.6273675,"{""geodesic"":false,""type"":""Point"",""coordinates"":[76.1274143423594,14.439654624229807]}"
000000000000000000ae_0,0.4003,1.4268401,0.3238721,1.7507122,-0.1545,0.2458,0.28055,-0.14015,0.1404,0.13445,-0.020650007,0.1138,0.1385,-0.036900006,0.1016,0.1802,1.301083,-0.41230342,0.8887795,-0.089899994,0.0903,0.26315,1.4603219,1.3436646,2.8039865,-0.009950012,0.2532,0.18709825,0.28713754,0.4742358,668,1,2.127188,"{""geodesic"":false,""type"":""Point"",""coordinates"":[76.08160026286932,14.431839281257966]}"
000000000000000000af_0,0.3472,1.4917294,0.38394213,1.8756715,-0.10280001,0.2444,0.23275,-0.10245,0.1303,0.12525,-0.01935,0.1059,0.1214,-0.018399999,0.103,0.15045,1.2392917,-0.35385475,0.8854369,-0.059250005,0.0912,0.23825,1.5835825,1.6631278,3.2467103,0.05784999,0.2961,0.22588113,0.3031661,0.52904725,703,1,4.723724,"{""geodesic"":false,""type"":""Point"",""coordinates"":[76.12983979362653,14.412974660291457]}"
000000000000000000b0_0,0.2471,1.6087239,0.212737,1.8214608,-0.04509999,0.202,0.1536,-0.042700008,0.1109,0.1182,-0.0022999942,0.1159,0.1104,-0.0037999973,0.1066,0.1063,0.9628623,-0.124213144,0.83864915,-0.016899996,0.0894,0.2345,2.2060208,0.9695943,3.175615,0.049399987,0.2839,0.37617373,0.14485492,0.52102864,668,1,3.8250413,"{""geodesic"":false,""type"":""Point"",""coordinates"":[76.09992589466535,14.425371411212305]}"
000000000000000000b1_0,0.3409,1.3854908,0.33485386,1.7203447,-0.08129999,0.2596,0.24605,-0.095149994,0.1509,0.1222,-0.0154,0.1068,0.11625,-0.015550002,0.1007,0.14705,1.2649462,-0.32949433,0.93545187,-0.052849993,0.0942,0.20225,1.3753827,0.69361955,2.0690022,-0.0073499978,0.1949,0.15803038,0.19029202,0.3483224,677,1,0.9575728,"{""geodesic"":false,""type"":""Point"",""coordinates"":[76.071718794744,14.420340845621237]}"
000000000000000000b2_0,0.16855,1.9197038,0.31929925,2.239003,-0.015849993,0.1527,0.0878,-0.019600004,0.0682,0.11245,-0.0012500063,0.1112,0.1042,-0.004599996,0.0996,0.0838,0.8042227,-0.039162457,0.76506025,-0.007600002,0.0762,0.2856,3.4081144,0.18768582,3.5958004,-0.011600018,0.274,0.5462913,0.018528806,0.5648201,681,1,3.374058,"{""geodesic"":false,""type"":""Point"",""coordinates"":[76.09336819309128,14.420790003263296]}"
000000000000000000b3_0,0.0294,1.7818183,0.1418459,1.9236641,-0.0042000003,0.0252,0.0165,-0.0033999998,0.0131,0.1177,-0.0044,0.1133,0.1002,-0.004099995,0.0961,0.08,0.7984032,-0.016925618,0.7814776,-0.004900001,0.0751,0.0599,0.74875003,-0.04968211,0.6990679,-0.0074000023,0.0525,-0.14367403,-0.03344195,-0.17711599,644,1,3.3743095,"{""geodesic"":false,""type"":""Point"",""coordinates"":[76.0830375673239,14.47253296362858]}"
000000000000000000b4_0,0.306,1.3818017,-0.077591226,1.3042105,-0.0582,0.2478,0.22145,-0.031450003,0.19,0.11765,-0.005450003,0.1122,0.1094,-0.011199996,0.0982,0.14005,1.2801645,-0.14778166,1.1323829,-0.028849997,0.1112,0.1931,1.3787934,0.31814915,1.6969426,-0.0044,0.1887,0.15923761,0.09918188,0.25841948,667,1,2.1273513,"{""geodesic"":false,""type"":""Point"",""coordinates"":[76.13675682131425,14.4531293534916]}"
000000000000000000b5_0,0.1993,1.8259277,0.0636524,1.8895801,0.043699995,0.243,0.10915,0.019450001,0.1286,0.1217,-0.012699999,0.109,0.11685,-0.008350007,0.1085,0.11405,0.9760376,-0.05253532,0.9235023,-0.0138500035,0.1002,0.30965,2.7150373,-0.29487747,2.4201598,-0.06715,0.2425,0.4616474,-0.04641539,0.415232,674,1,5.3175793,"{""geodesic"":false,""type"":""Point"",""coordinates"":[76.158945208832,14.436510520735387]}"
000000000000000000b6_0,0.3128,1.559322,0.24381393,1.8031359,-0.10579999,0.207,0.2006,-0.0858,0.1148,0.1175,-0.0028000027,0.1147,0.1116,-0.007799998,0.1038,0.116,1.0394266,-0.15310666,0.8863199,-0.023999996,0.092,0.2342,2.0189655,0.37125176,2.3902173,-0.014300004,0.2199,0.33752143,0.07254589,0.41006732,667,1,4.8659935,"{""geodesic"":false,""type"":""Point"",""coordinates"":[76.0792646431306,14.440103781871866]}"
000000000000000000b7_0,0.14765,2.2767925,0.08927867,2.3660712,-0.015150011,0.1325,0.06485,-0.008850001,0.056,0.1072,-0.013799995,0.0934,0.09825,-0.01275,0.0855,0.0793,0.8071247,-0.13811885,0.6690058,-0.022100002,0.0572,0.2789,3.5170238,1.1892698,4.7062936,-0.0097,0.2692,0.5572306,0.09227921,0.6495098,658,1,1.8543341,"{""geodesic"":false,""type"":""Point"",""coordinates"":[76.13594833755855,14.459237897423613]}"
000000000000000000b8_0,0.3708,1.4558303,0.17251949,1.6283498,-0.13989998,0.2309,0.2547,-0.112900004,0.1418,0.1398,-0.035499997,0.1043,0.1386,-0.045300007,0.0933,0.1717,1.2388167,-0.28168914,0.9571275,-0.0824,0.0893,0.256,1.4909726,0.5247049,2.0156777,-0.076000005,0.18,0.19710079,0.13969834,0.33679914,678,1,4.723578,"{""geodesic"":false,""type"":""Point"",""coordinates"":[76.1183413579898,14.402464371467259]}"
000000000000000000b9_0,0.1851,1.6208407,0.28945836,1.910299,-0.012600005,0.1725,0.1142,-0.023900002,0.0903,0.1095,-0.012699999,0.0968,0.1016,-0.011799999,0.0898,0.082,0.80708665,-0.033144563,0.7739421,-0.012500003,0.0695,0.2366,2.8853657,0.34341127,3.228777,-0.012199998,0.2244,0.48524794,0.041802075,0.52705,671,1,2.0866847,"{""geodesic"":false,""type"":""Point"",""coordinates"":[76.10163269370517,14.42411376981454]}"
000000000000000000ba_0,0.3119,1.2262629,0.5173795,1.7436424,-0.0582,0.2537,0.25435,-0.10885,0.1455,0.1196,-0.012800001,0.1068,0.1096,-0.010399997,0.0992,0.13375,1.2203468,-0.21329035,1.0070565,-0.033850007,0.0999,0.1803,1.3480372,0.8131239,2.1611612,0.035600007,0.2159,0.14822477,0.21909632,0.3673211,683,1,4.248699,"{""geodesic"":false,""type"":""Point"",""coordinates"":[76.14268570218944,14.443158053837873]}"
000000000000000000bb_0,0.2676,1.512719,0.09006404,1.6027831,-0.014200002,0.2534,0.1769,-0.018800005,0.1581,0.11545,-0.0030499995,0.1124,0.10455,-5.499944E-4,0.104,0.11185,1.0698231,-0.1188616,0.9509615,-0.012950003,0.0989,0.1879,1.6799285,0.45657304,2.1365016,0.023399994,0.2113,0.25371143,0.10863545,0.3623469,643,1,2.8713696,"{""geodesic"":false,""type"":""Point"",""coordinates"":[76.10980736279066,14.481336453412952]}"
000000000000000000bc_0,0.2073,1.7552922,0.51466435,2.2699566,-0.050900012,0.1564,0.1181,-0.049200006,0.0689,0.1109,-0.014700003,0.0962,0.1002,-0.014299996,0.0859,0.0933,0.93113774,-0.19539855,0.7357392,-0.030100003,0.0632,0.2111,2.2625937,1.8244319,4.0870256,0.04720001,0.2583,0.3869908,0.21985215,0.60684294,713,1,2.1270378,"{""geodesic"":false,""type"":""Point"",""coordinates"":[76.13810429424043,14.412525502649396]}"
000000000000000000bd_0,0.21965,1.558907,0.43036336,1.9892703,-0.034250006,0.1854,0.1409,-0.047700003,0.0932,0.11475,-0.019249998,0.0955,0.09875,-0.018250003,0.0805,0.0948,0.96,-0.17490686,0.7850931,-0.031600006,0.0632,0.1722,1.8164556,1.1107597,2.9272153,0.012800008,0.185,0.2898876,0.20084569,0.4907333,676,1,1.3328867,"{""geodesic"":false,""type"":""Point"",""coordinates"":[76.08097144217042,14.40479999120597]}"
000000000000000000be_0,0.3107,1.6098446,0.16404323,1.7738878,-0.067499995,0.2432,0.193,-0.055900007,0.1371,0.12425,-0.020550005,0.1037,0.12015,-0.01985,0.1003,0.12925,1.0757387,-0.2103349,0.86540383,-0.042450003,0.0868,0.23835,1.8441006,0.8114293,2.65553,-0.007850006,0.2305,0.29678997,0.15609372,0.4528837,676,1,3.0160186,"{""geodesic"":false,""type"":""Point"",""coordinates"":[76.0973207803414,14.405518643433265]}"
000000000000000000bf_0,0.34385,1.4817927,0.2546414,1.7364341,-0.07505,0.2688,0.23205,-0.077250004,0.1548,0.13125,-0.021249995,0.11,0.1317,-0.026199996,0.1055,0.15515,1.1780562,-0.20649222,0.971564,-0.052649997,0.1025,0.25105,1.6181115,0.5116446,2.1297562,-0.032749996,0.2183,0.2360906,0.124881975,0.36097258,672,1,4.7245636,"{""geodesic"":false,""type"":""Point"",""coordinates"":[76.09058341571051,14.416927247541583]}"
000000000000000000c0_0,0.1842,1.9471459,0.06010039,2.0072463,-0.018000007,0.1662,0.0946,-0.011799999,0.0828,0.1136,-0.005599998,0.108,0.1025,-0.0058000013,0.0967,0.0873,0.85170734,-0.060600832,0.7911065,-0.010800004,0.0765,0.2421,2.7731957,0.20458199,2.9777777,-0.014300004,0.2278,0.46994534,0.027261361,0.49720672,646,1,2.0867813,"{""geodesic"":false,""type"":""Point"",""coordinates"":[76.0890562797275,14.473071952799053]}"
000000000000000000c1_0,0.2508,1.6510864,0.05102582,1.7021122,-0.017100006,0.2337,0.1519,-0.014599994,0.1373,0.1197,0.0050000027,0.1247,0.1145,0.0010999963,0.1156,0.115,1.0043669,-0.028588234,0.9757786,-0.0022,0.1128,0.2547,2.2147827,-0.21478261,2.0,-0.0291,0.2256,0.37787396,-0.044540618,0.33333334,664,1,6.6738467,"{""geodesic"":false,""type"":""Point"",""coordinates"":[76.07854599090331,14.438935972002511]}"
000000000000000000c2_0,0.33775,1.2442437,0.5495394,1.7937832,-0.10114999,0.2366,0.27145,-0.13955002,0.1319,0.1154,-0.003399998,0.112,0.10735,-0.007249996,0.1001,0.14415,1.342804,-0.46468213,0.87812185,-0.056250006,0.0879,0.19755,1.3704474,1.1722147,2.5426621,0.02595,0.2235,0.15627742,0.27917537,0.4354528,637,1,5.4392905,"{""geodesic"":false,""type"":""Point"",""coordinates"":[76.11591590672268,14.480977127299305]}"
000000000000000000c3_0,0.1819,1.8429583,0.25032026,2.0932786,-0.02929999,0.1526,0.0987,-0.025800005,0.0729,0.111,-0.001000002,0.11,0.0988,-0.0041000023,0.0947,0.0865,0.875506,-0.07825156,0.79725444,-0.011,0.0755,0.2299,2.6578035,0.18855417,2.8463578,-0.015000001,0.2149,0.4532238,0.026803782,0.48002756,668,1,1.9146707,"{""geodesic"":false,""type"":""Point"",""coordinates"":[76.08213925203978,14.427257873308957]}"
000000000000000000c4_0,0.1624,1.9117129,0.2592402,2.170953,-0.018900007,0.1435,0.08495,-0.018849999,0.0661,0.10995,-0.01235,0.0976,0.10355,-0.014650002,0.0889,0.0843,0.81409943,-0.06719279,0.74690664,-0.017899998,0.0664,0.26255,3.1144722,0.76203394,3.876506,-0.0051499903,0.2574,0.51391095,0.07595938,0.5898703,637,1,1.9150412,"{""geodesic"":false,""type"":""Point"",""coordinates"":[76.17933696578152,14.47019734388987]}"
000000000000000000c5_0,0.1663,2.0133173,0.09876422,2.1120815,-0.021200001,0.1451,0.0826,-0.013899997,0.0687,0.1079,-3.9999932E-4,0.1075,0.102,-0.0044,0.0976,0.0872,0.85490197,-0.11309865,0.74180335,-0.014799997,0.0724,0.258,2.9587154,0.61587006,3.5745854,8.0001354E-4,0.2588,0.4947856,0.068016306,0.5628019,686,1,3.7047918,"{""geodesic"":false,""type"":""Point"",""coordinates"":[76.16208931232642,14.414411964746048]}"
000000000000000000c6_0,0.1422,2.1035502,0.06534615,2.1688964,-0.012499988,0.1297,0.0676,-0.007799998,0.0598,0.1087,-1.0000169E-4,0.1086,0.0984,-0.0042999983,0.0941,0.0768,0.7804879,-0.051476177,0.7290117,-0.008200005,0.0686,0.2535,3.3007812,0.15111381,3.451895,-0.016700014,0.2368,0.5349682,0.015784902,0.5507531,654,1,4.86625,"{""geodesic"":false,""type"":""Point"",""coordinates"":[76.08878678514226,14.452141206679068]}"
000000000000000000c7_0,0.29575,1.3144444,0.32224834,1.6366928,-0.02454999,0.2712,0.225,-0.05929999,0.1657,0.11885,-0.010250002,0.1086,0.1122,-0.0058000013,0.1064,0.1309,1.1666666,-0.23057637,0.9360903,-0.031299993,0.0996,0.1846,1.4102368,0.90402013,2.314257,0.045900002,0.2305,0.17020603,0.22634046,0.39654648,650,1,2.1272652,"{""geodesic"":false,""type"":""Point"",""coordinates"":[76.17484538936091,14.441900412440106]}"
000000000000000000c8_0,0.26395,1.7457011,0.26850346,2.0142045,-0.051249996,0.2127,0.1512,-0.045599997,0.1056,0.1223,-0.005400002,0.1169,0.11335,-0.007849999,0.1055,0.1255,1.1071901,-0.22377777,0.8834123,-0.032299995,0.0932,0.21845,1.7406375,0.913869,2.6545064,0.028950006,0.2474,0.27024278,0.1824877,0.45273048,685,2,5.121816,"{""geodesic"":false,""type"":""Point"",""coordinates"":[76.35486777229846,14.442169907025342]}"
000000000000000000c9_0,0.2817,1.3842751,0.20675944,1.5910345,-0.050999984,0.2307,0.2035,-0.058500007,0.145,0.1194,-0.0034000054,0.116,0.1087,-0.0010999963,0.1076,0.1225,1.1269549,-0.2775126,0.8494423,-0.031100005,0.0914,0.2067,1.6873469,0.775454,2.462801,0.018399999,0.2251,0.25577155,0.1666613,0.42243287,655,2,1.8543341,"{""geodesic"":false,""type"":""Point"",""coordinates"":[76.37849346427082,14.430851134445435]}"
000000000000000000ca_0,0.24295,1.4367238,0.10322105,1.5399449,-0.019350007,0.2236,0.1691,-0.023900002,0.1452,0.11755,0.0014500022,0.119,0.10585,-0.0057500005,0.1001,0.11265,1.0642418,-0.05325284,1.010989,-0.01145,0.1012,0.15795,1.4021305,0.12850192,1.5306324,-0.0030499995,0.1549,0.16740577,0.042277955,0.20968372,696,2,4.6821847,"{""geodesic"":false,""type"":""Point"",""coordinates"":[76.32540303097934,14.459866718122495]}"
000000000000000000cb_0,0.2687,1.3972958,0.17644754,1.5737435,-0.030750006,0.23795,0.1923,-0.04110001,0.1512,0.1223,-0.012599997,0.1097,0.1152,-0.01715,0.09805,0.1241,1.0772569,-0.15119879,0.9260582,-0.033299997,0.0908,0.194,1.5632555,0.48410133,2.0473568,-0.008100003,0.1859,0.21974224,0.12395129,0.34369352,690,2,5.4389963,"{""geodesic"":false,""type"":""Point"",""coordinates"":[76.34723209238345,14.437588499076332]}"
000000000000000000cc_0,0.3785,1.5411239,0.15153155,1.6926554,-0.07890001,0.2996,0.2456,-0.0686,0.177,0.1307,-0.014800005,0.1159,0.1283,-0.017099999,0.1112,0.1666,1.2985191,-0.21668458,1.0818346,-0.0463,0.1203,0.2364,1.4189675,0.7381396,2.157107,0.023100004,0.2595,0.17320096,0.19330771,0.36650866,699,2,2.9401677,"{""geodesic"":false,""type"":""Point"",""coordinates"":[76.30051969760923,14.482414431753895]}"
000000000000000000cd_0,0.22855,1.4942791,0.1844267,1.6787058,-0.0054499954,0.2231,0.15295,-0.020050004,0.1329,0.1167,-0.0042999983,0.1124,0.10645,-4.5000017E-4,0.106,0.1025,0.96289337,-0.06100656,0.9018868,-0.0068999976,0.0956,0.1895,1.8487805,0.36879262,2.2175732,0.022499993,0.212,0.29794523,0.08046829,0.3784135,684,2,4.1680636,"{""geodesic"":false,""type"":""Point"",""coordinates"":[76.321180949144,14.478911002145828]}"
000000000000000000ce_0,0.3887,1.462928,0.101807445,1.5647355,-0.078099996,0.3106,0.2657,-0.067200005,0.1985,0.1243,-7.000044E-4,0.1236,0.12135,-0.00485,0.1165,0.1635,1.3473424,-0.22116211,1.1261803,-0.032299995,0.1312,0.2455,1.5015291,0.32316604,1.8246951,-0.006099999,0.2394,0.200489,0.09146997,0.291959,692,2,0.92740995,"{""geodesic"":false,""type"":""Point"",""coordinates"":[76.30519093708666,14.466693914281803]}"
000000000000000000cf_0,0.2241,1.3467548,0.16941683,1.5161716,0.0056000054,0.2297,0.1664,-0.014899999,0.1515,0.1117,0.0018000007,0.1135,0.0965,-7.9999864E-4,0.0957,0.1038,1.0756476,-0.05265913,1.0229886,-0.0058999956,0.0979,0.1336,1.2870905,0.24712794,1.5342184,0.016599998,0.1502,0.12552653,0.08527553,0.21080206,695,2,2.664392,"{""geodesic"":false,""type"":""Point"",""coordinates"":[76.35028636434946,14.414411964746048]}"
000000000000000000d0_0,0.24485,1.4767792,0.22361937,1.7003986,-0.03144999,0.2134,0.1658,-0.04030001,0.1255,0.1164,-0.0060000047,0.1104,0.10415,-0.011749998,0.0924,0.11635,1.1171387,-0.19830763,0.91883117,-0.031450003,0.0849,0.16905,1.4529436,0.28321666,1.7361603,-0.021649987,0.1474,0.18465309,0.08439558,0.26904866,706,2,1.8543341,"{""geodesic"":false,""type"":""Point"",""coordinates"":[76.32693016696236,14.424473095928187]}"
000000000000000000d1_0,0.2336,1.717647,0.51544476,2.2330918,-0.048700005,0.1849,0.136,-0.053200006,0.0828,0.1137,-0.0029000044,0.1108,0.101,-0.0065000057,0.0945,0.0988,0.97821784,-0.18350884,0.79470897,-0.023700006,0.0751,0.1782,1.8036437,1.2309768,3.0346205,0.049699992,0.2279,0.2866426,0.21764784,0.50429046,695,2,1.8543341,"{""geodesic"":false,""type"":""Point"",""coordinates"":[76.32522336792252,14.506758775953534]}"
000000000000000000d2_0,0.29065,1.3684087,0.44143987,1.8098485,-0.051750004,0.2389,0.2124,-0.080400005,0.132,0.12425,-0.0019500032,0.1223,0.11645,-0.01015,0.1063,0.1344,1.1541435,-0.2491575,0.9049859,-0.0382,0.0962,0.18775,1.3969494,0.9367305,2.33368,0.036750004,0.2245,0.1656061,0.23445629,0.40006238,727,2,9.303137,"{""geodesic"":false,""type"":""Point"",""coordinates"":[76.31713853036545,14.491128090009855]}"
000000000000000000d3_0,0.2677,1.3856107,0.46566302,1.8512737,-0.042399988,0.2253,0.1932,-0.07150001,0.1217,0.1187,-0.0034999996,0.1152,0.1047,-0.0025999993,0.1021,0.1152,1.1002865,-0.21585947,0.8844271,-0.024899997,0.0903,0.1458,1.265625,1.1839875,2.4496124,0.07540001,0.2212,0.11724137,0.30298334,0.42022473,661,2,2.940165,"{""geodesic"":false,""type"":""Point"",""coordinates"":[76.37732565440146,14.480617801185657]}"
000000000000000000d4_0,0.2603,1.5160164,0.1842864,1.7003027,-0.091800004,0.1685,0.1717,-0.0726,0.0991,0.1196,-0.010899998,0.1087,0.111,-0.0158,0.0952,0.117,1.054054,-0.2567851,0.7972689,-0.041099995,0.0759,0.1873,1.6008546,0.68504775,2.2859025,-0.013799995,0.1735,0.23102202,0.16031718,0.3913392,658,2,0.9577366,"{""geodesic"":false,""type"":""Point"",""coordinates"":[76.34301001054808,14.458249750611081]}"
000000000000000000d5_0,0.30565,1.567034,0.08788691,1.6549209,-0.033250004,0.2724,0.19505,-0.030450001,0.1646,0.12955,-0.008249998,0.1213,0.12965,-0.01585,0.1138,0.15595,1.2028538,-0.23800315,0.96485066,-0.04614999,0.1098,0.22095,1.4168004,0.82910126,2.2459016,0.025649995,0.2466,0.17245957,0.2113788,0.3838384,671,2,3.7047918,"{""geodesic"":false,""type"":""Point"",""coordinates"":[76.32836747141694,14.521311483556271]}"
000000000000000000d6_0,0.2295,1.546496,0.13169943,1.6781955,-0.0063000023,0.2232,0.1484,-0.0153999925,0.133,0.11895,0.0036499947,0.1226,0.11105,0.0014499947,0.1125,0.1155,1.0400721,-0.13162756,0.90844446,-0.013300002,0.1022,0.2021,1.7497834,0.30305415,2.0528376,0.007700011,0.2098,0.27267,0.0722018,0.3448718,645,2,0.92740995,"{""geodesic"":false,""type"":""Point"",""coordinates"":[76.38576981807218,14.525623396920045]}"
000000000000000000d7_0,0.191,2.0920043,-0.27327767,1.8187267,0.051799998,0.2428,0.0913,0.04219999,0.1335,0.1171,-0.005599998,0.1115,0.1047,-0.001699999,0.103,0.0898,0.85768867,-0.006232315,0.85145634,-0.0020999983,0.0877,0.303,3.3741648,-0.883857,2.4903078,-0.0846,0.2184,0.54276985,-0.11578522,0.42698464,694,2,2.8715706,"{""geodesic"":false,""type"":""Point"",""coordinates"":[76.30159767595018,14.497056970885044]}"
000000000000000000d8_0,0.23535,1.4143629,0.14036497,1.5547279,0.004700005,0.24005,0.1664,-0.0119999945,0.1544,0.1178,-0.005549997,0.11225,0.10195,-0.0056999996,0.09625,0.10845,1.0637568,-0.10687364,0.95688313,-0.016350001,0.0921,0.14485,1.3356385,0.3245134,1.660152,0.008049995,0.1529,0.1437031,0.104460135,0.24816324,670,2,1.3329647,"{""geodesic"":false,""type"":""Point"",""coordinates"":[76.39852589510667,14.43013248221814]}"
000000000000000000d9_0,0.3165,1.5765879,0.24704084,1.8236288,-0.1004,0.2161,0.20075,-0.08224999,0.1185,0.1304,-0.017000005,0.1134,0.1281,-0.027299993,0.1008,0.1591,1.2419984,-0.30152225,0.94047624,-0.06429999,0.0948,0.23755,1.4930862,0.64931875,2.142405,-0.03445001,0.2031,0.19778144,0.16576335,0.3635448,695,2,1.8543341,"{""geodesic"":false,""type"":""Point"",""coordinates"":[76.29477047979087,14.498314612282812]}"
000000000000000000da_0,0.3288,1.5634807,0.20960853,1.7730893,-0.10609999,0.2227,0.2103,-0.0847,0.1256,0.12795,-0.013049997,0.1149,0.12305,-0.024549998,0.0985,0.14315,1.1633483,-0.20801833,0.95532995,-0.049050003,0.0941,0.25245,1.7635347,0.23115191,1.9946866,-0.064749986,0.1877,0.27628917,0.05586132,0.3321505,676,2,1.3332142,"{""geodesic"":false,""type"":""Point"",""coordinates"":[76.35522709841212,14.510621531675248]}"
000000000000000000db_0,0.3017,1.4965278,0.008626817,1.5051546,-0.0097,0.292,0.2016,-0.0075999945,0.194,0.12015,0.0014500022,0.1216,0.10825,0.0025499985,0.1108,0.12545,1.1588914,-0.018097272,1.1407942,9.4999373E-4,0.1264,0.1661,1.3240335,0.07944758,1.403481,0.011299998,0.1774,0.13942719,0.02844642,0.1678736,691,2,2.6649518,"{""geodesic"":false,""type"":""Point"",""coordinates"":[76.30348413804683,14.504962145385296]}"
000000000000000000dc_0,0.22705,1.8258947,0.1492724,1.9751672,-0.020250008,0.2068,0.12435,-0.019649997,0.1047,0.12025,-0.010949999,0.1093,0.11075,-0.0053499937,0.1054,0.0973,0.87855536,-0.10531057,0.77324474,-0.0158,0.0815,0.2563,2.6341212,0.6137314,3.2478526,0.008399993,0.2647,0.44966063,0.079513244,0.52917385,677,2,1.3329586,"{""geodesic"":false,""type"":""Point"",""coordinates"":[76.31085032337661,14.428066357064665]}"
000000000000000000dd_0,0.2585,1.5824916,0.036217734,1.6187093,0.014899999,0.2734,0.16335,0.005549997,0.1689,0.1196,-0.0036000013,0.116,0.1139,-0.009599999,0.1043,0.1233,1.0825286,0.08238036,1.1649089,-0.0018000007,0.1215,0.28975,2.3499596,-0.832264,1.5176955,-0.10535,0.1844,0.40297785,-0.19735509,0.20562276,685,2,1.3332038,"{""geodesic"":false,""type"":""Point"",""coordinates"":[76.30635874695602,14.507297765124006]}"
000000000000000000de_0,0.1646,1.7833153,0.3042553,2.0875707,-0.016800001,0.1478,0.0923,-0.021499999,0.0708,0.1114,-0.0051000044,0.1063,0.1009,-0.0073000044,0.0936,0.0832,0.82457876,-0.09487789,0.72970086,-0.014899999,0.0683,0.2394,2.8774037,0.4930206,3.3704245,-0.009200007,0.2302,0.48419094,0.058187596,0.54237854,647,2,1.9150555,"{""geodesic"":false,""type"":""Point"",""coordinates"":[76.36600688182155,14.471814311401285]}"
000000000000000000df_0,0.29055,1.3596163,0.09993825,1.4595546,-0.041549996,0.249,0.2137,-0.0431,0.1706,0.14365,-0.008849993,0.1348,0.14615,-0.0036499947,0.1425,0.16335,1.1176873,-0.13031895,0.9873684,-0.022650003,0.1407,0.23825,1.4585247,0.24154642,1.7000711,9.4999373E-4,0.2392,0.18650399,0.072774775,0.25927874,675,2,2.9402134,"{""geodesic"":false,""type"":""Point"",""coordinates"":[76.3295352812863,14.514933445039022]}"
000000000000000000e0_0,0.29235,1.5836945,0.31804866,1.9017432,-0.05235,0.24,0.1846,-0.05839999,0.1262,0.1221,-0.0012000054,0.1209,0.1131,-0.0042999983,0.1088,0.1275,1.1273209,-0.23026215,0.8970588,-0.0299,0.0976,0.20145,1.58,0.74889344,2.3288934,0.025849998,0.2273,0.22480622,0.17439355,0.39919975,692,2,4.1681767,"{""geodesic"":false,""type"":""Point"",""coordinates"":[76.33357770006484,14.507567259709242]}"
000000000000000000e1_0,0.2054,1.5959595,0.20162016,1.7975798,-0.04200001,0.1634,0.1287,-0.037800007,0.0909,0.1101,-0.011700004,0.0984,0.0951,-0.0072000027,0.0879,0.0873,0.9179811,-0.12958513,0.78839594,-0.018,0.0693,0.17,1.9473081,0.12772796,2.075036,-0.026199996,0.1438,0.32141468,0.028186439,0.34960112,661,2,0.9577174,"{""geodesic"":false,""type"":""Point"",""coordinates"":[76.33914725482637,14.45402766877572]}"
000000000000000000e2_0,0.259,1.6698904,-0.16489695,1.5049934,-0.03295,0.22605,0.1551,-0.0049000084,0.1502,0.1232,-0.015299998,0.1079,0.11645,-0.020549998,0.0959,0.1257,1.0794332,-0.1367846,0.94264865,-0.035299994,0.0904,0.23635,1.8802705,0.16065854,2.040929,-0.051850006,0.1845,0.3056208,0.03668548,0.34230626,681,2,2.1272867,"{""geodesic"":false,""type"":""Point"",""coordinates"":[76.34193203220715,14.444775021349287]}"
000000000000000000e3_0,0.18345,1.8605477,0.11749841,1.9780461,-0.0032500029,0.1802,0.0986,-0.0075000003,0.0911,0.1122,0.003899999,0.1161,0.1023,0.0017999932,0.1041,0.08995,0.87927663,-0.07332082,0.8059558,-0.0060500056,0.0839,0.2383,2.6492496,0.2697018,2.9189513,0.0066000074,0.2449,0.4519421,0.037717286,0.4896594,640,2,1.3330858,"{""geodesic"":false,""type"":""Point"",""coordinates"":[76.37588834994686,14.46929902860575]}"
000000000000000000e4_0,0.30735,1.4948931,0.093158916,1.588052,-0.0016500056,0.3057,0.2056,-0.013099998,0.1925,0.12715,0.015750006,0.1429,0.12005,0.018450007,0.1385,0.15005,1.2498959,-0.13292845,1.1169674,0.0046499968,0.1547,0.2096,1.3968678,0.14805792,1.5449257,0.029399991,0.239,0.16557765,0.048544776,0.21412243,680,2,1.3332357,"{""geodesic"":false,""type"":""Point"",""coordinates"":[76.31444358451309,14.51762839089138]}"
000000000000000000e5_0,0.1611,1.8141892,0.33014056,2.1443298,-0.036300004,0.1248,0.0888,-0.030599996,0.0582,0.1095,-0.0036000013,0.1059,0.0985,-0.0073999986,0.0911,0.0869,0.88223356,-0.1478757,0.73435783,-0.020000003,0.0669,0.201,2.3130035,0.92167515,3.2346785,0.0153999925,0.2164,0.39631817,0.13139097,0.5277091,671,2,2.086784,"{""geodesic"":false,""type"":""Point"",""coordinates"":[76.33249972172389,14.47432959419682]}"
000000000000000000e6_0,0.2509,1.3108673,0.4210342,1.7319014,-0.033199996,0.2177,0.1914,-0.06570001,0.1257,0.12185,-0.0067500025,0.1151,0.11165,-0.009649999,0.102,0.1252,1.1213615,-0.25861633,0.8627451,-0.037200004,0.088,0.16785,1.340655,1.1741179,2.514773,0.053450003,0.2213,0.1455383,0.28543487,0.43097317,651,2,2.8714054,"{""geodesic"":false,""type"":""Point"",""coordinates"":[76.39475297091337,14.484121230793722]}"
000000000000000000e7_0,0.3671,1.4766693,0.3248821,1.8015513,-0.08840001,0.2787,0.2486,-0.09390001,0.1547,0.1285,-0.013899997,0.1146,0.1248,-0.0158,0.109,0.1589,1.2732371,-0.3778243,0.89541286,-0.061299995,0.0976,0.2333,1.468219,0.79817444,2.2663934,-0.012099996,0.2212,0.18969916,0.19800475,0.3877039,680,2,1.8543341,"{""geodesic"":false,""type"":""Point"",""coordinates"":[76.30078919219447,14.522569124954039]}"
000000000000000000e8_0,0.2006,1.5060059,0.14798288,1.6539888,-0.022300005,0.1783,0.1332,-0.025400005,0.1078,0.1151,0.0022,0.1173,0.1051,-7.9999864E-4,0.1043,0.1057,1.0057089,-0.14568971,0.86001915,-0.016000003,0.0897,0.192,1.8164617,0.56369436,2.380156,0.021499991,0.2135,0.28988916,0.11842219,0.40831134,663,2,4.248789,"{""geodesic"":false,""type"":""Point"",""coordinates"":[76.36160513692937,14.448907271656237]}"
000000000000000000e9_0,0.31925,1.4780091,0.14751264,1.6255218,-0.046649992,0.2726,0.216,-0.048300013,0.1677,0.12685,-0.0070499927,0.1198,0.1219,-0.013400003,0.1085,0.14865,1.2194422,-0.11068639,1.1087558,-0.028350003,0.1203,0.2193,1.4752774,-0.043024816,1.4322526,-0.047000006,0.1723,0.19200978,-0.014292771,0.177717,691,2,2.66495,"{""geodesic"":false,""type"":""Point"",""coordinates"":[76.30339430651843,14.504782482328471]}"
000000000000000000ea_0,0.1956,1.6534235,0.09734573,1.7507693,-0.024900004,0.1707,0.1183,-0.020800002,0.0975,0.11305,-0.0014500022,0.1116,0.10095,-0.0030499995,0.0979,0.0875,0.8667657,-0.10374224,0.76302344,-0.012800001,0.0747,0.2148,2.454857,0.62814146,3.0829988,0.015499994,0.2303,0.42110488,0.08905906,0.51016396,655,2,2.664754,"{""geodesic"":false,""type"":""Point"",""coordinates"":[76.36061699011684,14.473071952799053]}"
000000000000000000eb_0,0.3836,1.4361662,0.19195397,1.6281202,-0.06400001,0.3196,0.2671,-0.07080001,0.1963,0.1353,-0.005699992,0.1296,0.1343,-0.008999988,0.1253,0.1687,1.256143,-0.19947897,1.056664,-0.03629999,0.1324,0.2445,1.4493183,0.37847614,1.8277944,-0.0024999976,0.242,0.18344629,0.10928874,0.292735,645,2,2.9401982,"{""geodesic"":false,""type"":""Point"",""coordinates"":[76.39322583493038,14.504153661629587]}"
000000000000000000ec_0,0.0356,1.4325956,0.31908235,1.7516779,-0.009499999,0.0261,0.02485,-0.00995,0.0149,0.11255,-0.005350001,0.1072,0.09915,-0.007150002,0.092,0.076,0.7665153,-0.019776205,0.74673915,-0.007299997,0.0687,0.06095,0.8019737,0.08885598,0.8908297,2.500005E-4,0.0612,-0.109894104,0.052157383,-0.05773672,676,2,2.086728,"{""geodesic"":false,""type"":""Point"",""coordinates"":[76.30492144250142,14.446032662747054]}"
000000000000000000ed_0,0.2821,1.2857794,0.31810796,1.6038873,-0.042799994,0.2393,0.2194,-0.070199996,0.1492,0.1247,-0.008500002,0.1162,0.11645,-0.011949994,0.1045,0.1357,1.165307,-0.20071378,0.9645933,-0.034900002,0.1008,0.17625,1.2988209,0.66447276,1.9632937,0.021650001,0.1979,0.12998876,0.19508655,0.32507533,733,2,8.6064205,"{""geodesic"":false,""type"":""Point"",""coordinates"":[76.31641987813815,14.49867393839646]}"
000000000000000000ee_0,0.2805,1.6199826,0.19819927,1.8181819,-0.056499988,0.224,0.17315,-0.049950004,0.1232,0.11735,-0.0068499967,0.1105,0.1101,-0.011100002,0.099,0.11055,1.0040872,-0.15863264,0.8454546,-0.02685,0.0837,0.24495,2.2157395,0.94794047,3.1636798,0.019850016,0.2648,0.37805906,0.14159662,0.5196557,702,2,0.92740995,"{""geodesic"":false,""type"":""Point"",""coordinates"":[76.29081789254074,14.477473697691238]}"
000000000000000000ef_0,0.2522,1.5396826,0.30667627,1.8463589,-0.044300005,0.2079,0.1638,-0.051200002,0.1126,0.1182,-0.0022999942,0.1159,0.11,-0.0025999993,0.1074,0.1132,1.0290909,-0.22741498,0.801676,-0.027100004,0.0861,0.2071,1.8295053,1.1205529,2.9500582,0.046900004,0.254,0.29316267,0.20051569,0.49367836,660,2,3.93671,"{""geodesic"":false,""type"":""Point"",""coordinates"":[76.3775951489867,14.51484361351061]}"
000000000000000000f0_0,0.22,1.6628873,0.6290381,2.2919254,-0.035500005,0.1845,0.1323,-0.051800005,0.0805,0.1134,-0.001199998,0.1122,0.1,-0.0012999997,0.0987,0.0958,0.95799994,-0.18191081,0.77608913,-0.019199997,0.0766,0.1897,1.9801672,1.6086055,3.5887728,0.08519998,0.2749,0.3288967,0.23525691,0.5641536,687,2,3.4166946,"{""geodesic"":false,""type"":""Point"",""coordinates"":[76.32755898766123,14.508106248879713]}"
000000000000000000f1_0,0.2318,1.6370057,0.30653486,1.9435406,-0.028700009,0.2031,0.1416,-0.037099995,0.1045,0.1186,-0.0039000064,0.1147,0.11205,-0.0057500005,0.1063,0.1067,0.9522535,-0.13381512,0.8184384,-0.019700006,0.087,0.21895,2.052015,0.5905139,2.6425288,0.010949999,0.2299,0.3446952,0.10623569,0.45093092,681,2,3.9938884,"{""geodesic"":false,""type"":""Point"",""coordinates"":[76.29998070843877,14.51116052084572]}"
000000000000000000f2_0,0.2032,1.9333968,-0.20523457,1.7281622,0.0441,0.2473,0.1051,0.037999995,0.1431,0.1181,-0.0044,0.1137,0.1112,-0.0037999973,0.1074,0.1024,0.92086333,-0.048423838,0.87243944,-0.008699998,0.0937,0.2885,2.817383,-0.41930395,2.3980792,-0.06380001,0.2247,0.47608086,-0.064648695,0.41143218,683,2,2.7802885,"{""geodesic"":false,""type"":""Point"",""coordinates"":[76.30204683359224,14.456453120042841]}"
000000000000000000f3_0,0.2376,1.4426229,0.7488391,2.191462,-0.06819999,0.1694,0.1647,-0.087400004,0.0773,0.1235,-0.010899998,0.1126,0.1165,-0.0151999965,0.1013,0.1274,1.0935622,-0.2673036,0.82625866,-0.043699995,0.0837,0.2132,1.6734694,1.1939139,2.8673835,0.026799992,0.24,0.25190842,0.23094606,0.4828545,647,2,1.3329535,"{""geodesic"":false,""type"":""Point"",""coordinates"":[76.38172739929364,14.426359558024837]}"
000000000000000000f4_0,0.3479,1.5185509,0.023360865,1.5419117,-0.1382,0.2097,0.2291,-0.0931,0.136,0.1324,-0.008200005,0.1242,0.1286,-0.014399998,0.1142,0.159,1.2363919,-0.21012217,1.0262697,-0.041799992,0.1172,0.2352,1.4792453,0.33816075,1.817406,-0.022200003,0.213,0.19330291,0.09682427,0.2901272,707,2,4.6824694,"{""geodesic"":false,""type"":""Point"",""coordinates"":[76.31408425839945,14.496068824072513]}"
000000000000000000f5_0,0.2331,1.4975907,0.20400189,1.7015926,-0.030100003,0.203,0.15565,-0.036350004,0.1193,0.12365,-0.004950002,0.1187,0.11185,-0.009350002,0.1025,0.11385,1.017881,-0.17007615,0.8478049,-0.026949994,0.0869,0.1712,1.503733,0.9370033,2.4407363,0.040899992,0.2121,0.20119281,0.21753627,0.41872907,673,2,0.9578564,"{""geodesic"":false,""type"":""Point"",""coordinates"":[76.37256458339563,14.486187355947198]}"
000000000000000000f6_0,0.1619,2.0313675,0.101580255,2.132948,-0.014300004,0.1476,0.0797,-0.010499999,0.0692,0.1121,-0.0058000013,0.1063,0.1061,-0.008900002,0.0972,0.0873,0.8228087,-0.015195486,0.8076132,-0.0088,0.0785,0.2589,2.9656355,0.12226255,3.087898,-0.016499981,0.2424,0.49566722,0.0150837945,0.510751,653,2,1.9150747,"{""geodesic"":false,""type"":""Point"",""coordinates"":[76.36942047990121,14.474149931139996]}"
000000000000000000f7_0,0.278,1.4136791,0.17132092,1.585,-0.024399996,0.2536,0.19665,-0.036650002,0.16,0.12115,-0.0038500056,0.1173,0.11,-0.0042999983,0.1057,0.11735,1.0668181,-0.13871978,0.9280984,-0.019249998,0.0981,0.18235,1.5538986,0.54396075,2.0978594,0.023450002,0.2058,0.21688356,0.13750935,0.3543929,678,2,2.0867362,"{""geodesic"":false,""type"":""Point"",""coordinates"":[76.3167792042518,14.450164913054005]}"
000000000000000000f8_0,0.284,1.5114423,0.4383294,1.9497716,-0.070500016,0.2135,0.1879,-0.07840001,0.1095,0.128,-0.012100004,0.1159,0.12,-0.010699995,0.1093,0.1274,1.0616666,-0.23367035,0.8279963,-0.0369,0.0905,0.2375,1.8642073,0.95899713,2.8232043,0.017999992,0.2555,0.30172652,0.1751521,0.4768786,674,2,1.3332392,"{""geodesic"":false,""type"":""Point"",""coordinates"":[76.30842487210948,14.518706369232325]}"
000000000000000000f9_0,0.2577,1.592707,0.30410504,1.8968121,-0.0316,0.2261,0.1618,-0.0426,0.1192,0.1188,-0.0042999983,0.1145,0.1098,-0.007600002,0.1022,0.1105,1.0063752,-0.23435953,0.7720157,-0.0316,0.0789,0.2041,1.8470588,1.2556027,3.1026616,0.040700004,0.2448,0.29752067,0.21499093,0.51251155,656,2,0.92740995,"{""geodesic"":false,""type"":""Point"",""coordinates"":[76.35630507675306,14.4569022776849]}"
000000000000000000fa_0,0.2431,1.3757782,0.21177042,1.5875486,-0.039100006,0.204,0.1767,-0.048199996,0.1285,0.12125,0.0053499937,0.1266,0.1105,-0.0022,0.1083,0.11525,1.0429864,-0.18333733,0.85964906,-0.022150002,0.0931,0.21855,1.8963124,0.6396706,2.5359828,0.017550007,0.2361,0.30946675,0.12491967,0.4343864,678,2,6.0366917,"{""geodesic"":false,""type"":""Point"",""coordinates"":[76.34184220067874,14.523467440238157]}"
000000000000000000fb_0,0.4245,1.492616,0.2728225,1.7654386,-0.08429998,0.3402,0.2844,-0.09169999,0.1927,0.1299,-0.018699996,0.1112,0.126,-0.020500004,0.1055,0.1708,1.3555555,-0.30247492,1.0530807,-0.059699997,0.1111,0.2395,1.4022248,0.8362989,2.2385237,0.009199992,0.2487,0.16743846,0.2149962,0.38243467,710,2,0.9578276,"{""geodesic"":false,""type"":""Point"",""coordinates"":[76.30510110555825,14.4794499913163]}"
000000000000000000fc_0,0.2545,1.487869,0.24063413,1.7285032,-0.037400007,0.2171,0.17105,-0.045450002,0.1256,0.1198,-0.009599999,0.1102,0.10885,-0.01055,0.0983,0.12245,1.1249425,-0.22972389,0.8952187,-0.034450002,0.088,0.178,1.4536545,0.81111825,2.264773,0.021300003,0.1993,0.18488933,0.20251061,0.38739994,763,2,5.4393,"{""geodesic"":false,""type"":""Point"",""coordinates"":[76.34705242932662,14.48259409481072]}"
000000000000000000fd_0,0.3504,1.4200608,0.26360142,1.6836623,-0.043300003,0.3071,0.24675,-0.064349994,0.1824,0.1281,-0.0141999945,0.1139,0.12685,-0.014449991,0.1124,0.15975,1.2593615,-0.3082939,0.95106757,-0.05285,0.1069,0.2249,1.4078248,0.8325868,2.2404115,0.014599994,0.2395,0.16937478,0.21341969,0.38279447,688,2,3.9939167,"{""geodesic"":false,""type"":""Point"",""coordinates"":[76.28902126197251,14.514304624340138]}"
000000000000000000fe_0,0.2687,1.758508,0.055051457,1.8135594,-0.044,0.2247,0.1528,-0.028899997,0.1239,0.1217,-0.006699994,0.115,0.1153,-0.012500003,0.1028,0.1254,1.0875976,-0.25491273,0.8326849,-0.039800003,0.0856,0.2502,1.9952152,1.0596912,3.0549064,0.011299998,0.2615,0.33226836,0.17450202,0.5067704,633,2,2.086789,"{""geodesic"":false,""type"":""Point"",""coordinates"":[76.39780724287938,14.476934708520766]}"
000000000000000000ff_0,0.2183,1.5761732,-0.08966596,1.4865073,-0.0255,0.1928,0.1385,-0.0088,0.1297,0.1209,-0.0027999952,0.1181,0.1115,-0.009900004,0.1016,0.1188,1.0654708,-0.15799046,0.90748036,-0.026599996,0.0922,0.2152,1.8114479,-0.045721278,1.7657266,-0.052400008,0.1628,0.28862277,-0.011760047,0.2768627,671,2,2.7802885,"{""geodesic"":false,""type"":""Point"",""coordinates"":[76.36977980601485,14.520413168272151]}"
00000000000000000100_0,0.21805,1.4863667,0.17197402,1.6583408,-0.03215,0.1859,0.1467,-0.034599997,0.1121,0.1172,-0.0058000013,0.1114,0.10885,-0.007550001,0.1013,0.11075,1.0174552,-0.14282534,0.8746298,-0.022149995,0.0886,0.18905,1.7069979,1.2264107,2.9334085,0.07085,0.2599,0.26117414,0.23036101,0.49153516,663,2,0.0,"{""geodesic"":false,""type"":""Point"",""coordinates"":[76.37103744741262,14.426629052610073]}"
00000000000000000101_0,0.2749,1.5583899,-0.07304322,1.4853467,-0.06709999,0.2078,0.1764,-0.036500007,0.1399,0.118,-0.005400002,0.1126,0.108,-0.012900002,0.0951,0.1282,1.187037,-0.19544914,0.9915878,-0.033899993,0.0943,0.2432,1.897036,-0.47179747,1.4252385,-0.10880001,0.1344,0.30963922,-0.13430038,0.17533885,662,2,1.9151417,"{""geodesic"":false,""type"":""Point"",""coordinates"":[76.35540676146894,14.481965274111836]}"
00000000000000000102_0,0.2092,1.5126536,0.42157042,1.934224,-0.020999998,0.1882,0.1383,-0.041,0.0973,0.1133,-0.0011000037,0.1122,0.099,-0.0041000023,0.0949,0.1065,1.0757576,-0.19588402,0.8798736,-0.023000002,0.0835,0.1674,1.571831,0.74673194,2.318563,0.026199996,0.1936,0.22234394,0.17498556,0.39732948,700,2,3.0171497,"{""geodesic"":false,""type"":""Point"",""coordinates"":[76.33735062425814,14.49777562311234]}"
00000000000000000103_0,0.3941,1.3445923,0.35829154,1.7028838,-0.14020002,0.2539,0.2931,-0.144,0.1491,0.1234,-0.0016000047,0.1218,0.1215,-0.012100004,0.1094,0.17,1.399177,-0.43665406,0.9625229,-0.0647,0.1053,0.225,1.3235294,0.69831294,2.0218422,-0.012099996,0.2129,0.13924049,0.1989116,0.33815208,653,2,0.0,"{""geodesic"":false,""type"":""Point"",""coordinates"":[76.39807673746462,14.520772494385799]}"
00000000000000000104_0,0.2462,1.4004551,0.54986036,1.9503155,0.0011000037,0.2473,0.1758,-0.048999995,0.1268,0.1175,-0.008500002,0.109,0.1051,-0.0056999996,0.0994,0.1122,1.0675547,-0.24059296,0.82696176,-0.030000001,0.0822,0.1761,1.5695187,1.4718438,3.0413625,0.0739,0.25,0.22164412,0.28347328,0.5051174,809,2,20.823286,"{""geodesic"":false,""type"":""Point"",""coordinates"":[76.34049472775256,14.42186798160424]}"
00000000000000000105_0,0.29935,1.611141,0.11239663,1.7235376,-0.05184999,0.2475,0.1858,-0.0422,0.1436,0.12455,-0.0011499971,0.1234,0.11945,-0.006350003,0.1131,0.13315,1.1146923,-0.18984704,0.9248453,-0.028549999,0.1046,0.2477,1.860308,0.5785067,2.4388146,0.007400006,0.2551,0.3007746,0.11762965,0.41840425,641,2,1.8543341,"{""geodesic"":false,""type"":""Point"",""coordinates"":[76.40409544986822,14.5102622055616]}"
00000000000000000106_0,0.3454,1.3387598,0.41938874,1.7581486,-0.075700015,0.2697,0.258,-0.10459998,0.1534,0.1214,-0.011799999,0.1096,0.1156,-0.012099996,0.1035,0.1538,1.3304498,-0.452189,0.87826085,-0.0629,0.0909,0.1985,1.2906373,1.271519,2.5621562,0.034399986,0.2329,0.12688053,0.31166178,0.4385423,682,2,5.7293873,"{""geodesic"":false,""type"":""Point"",""coordinates"":[76.30168750747859,14.520233505215327]}"
00000000000000000107_0,0.28405,1.5962349,0.09195819,1.6881931,-0.025249988,0.2588,0.17795,-0.024649993,0.1533,0.1254,-0.0029000044,0.1225,0.1187,-0.0036999956,0.115,0.12175,1.025695,-0.06743415,0.9582609,-0.011549994,0.1102,0.24215,1.9889117,-0.0034308664,1.9854808,-0.02335,0.2188,0.33086014,-7.6896476E-4,0.33009115,637,2,2.8712404,"{""geodesic"":false,""type"":""Point"",""coordinates"":[76.39044105754961,14.471275322230813]}"
00000000000000000108_0,0.214,1.4779005,0.29887718,1.7767776,-0.016599998,0.1974,0.1448,-0.033700004,0.1111,0.1172,-0.0056999996,0.1115,0.1035,-0.0062000006,0.0973,0.1042,1.0067632,-0.16092564,0.8458376,-0.021899998,0.0823,0.1684,1.616123,0.9403777,2.5565007,0.041999996,0.2104,0.23550993,0.20213954,0.43764946,656,2,3.0166445,"{""geodesic"":false,""type"":""Point"",""coordinates"":[76.35720339203718,14.456722614628077]}"
00000000000000000109_0,0.26625,1.5314927,0.28999624,1.821489,-0.05095002,0.2153,0.17385,-0.055650003,0.1182,0.11665,-0.00925,0.1074,0.10815,-0.009849995,0.0983,0.1145,1.0587147,-0.23572397,0.82299083,-0.033600003,0.0809,0.2044,1.7851528,1.5078015,3.2929544,0.062000006,0.2664,0.28190655,0.2522138,0.5341204,683,2,3.7047918,"{""geodesic"":false,""type"":""Point"",""coordinates"":[76.29333317533629,14.448907271656237]}"
0000000000000000010a_0,0.0295,1.5649867,0.1368766,1.7018633,-0.0021000002,0.0274,0.01885,-0.00275,0.0161,0.11635,0.0016499981,0.118,0.10435,-0.0030499995,0.1013,0.0813,0.77910876,-0.038733598,0.74037516,-0.006299995,0.075,0.05605,0.6894219,0.11057805,0.79999995,0.00395,0.06,-0.1838369,0.072725765,-0.11111114,649,2,5.520691,"{""geodesic"":false,""type"":""Point"",""coordinates"":[76.38244605152094,14.408662746927682]}"
0000000000000000010b_0,0.2586,1.3430277,0.272409,1.6154368,-0.019999996,0.2386,0.19255,-0.044850007,0.1477,0.11455,-5.0000846E-5,0.1145,0.10185,2.4999678E-4,0.1021,0.1082,1.0623466,-0.17889895,0.8834476,-0.018,0.0902,0.14985,1.3849353,0.9177255,2.3026607,0.057850003,0.2077,0.16140282,0.23302484,0.39442766,688,2,3.0166445,"{""geodesic"":false,""type"":""Point"",""coordinates"":[76.3265708408487,14.456542951571253]}"
0000000000000000010c_0,0.2847,1.5456026,0.29146305,1.8370657,-0.046800002,0.2379,0.1842,-0.054700002,0.1295,0.12135,0.008450009,0.1298,0.11555,0.010350004,0.1259,0.13145,1.1376028,-0.12648289,1.0111198,-0.004150003,0.1273,0.2406,1.8303539,0.36210504,2.1924589,0.038499996,0.2791,0.29337457,0.08014908,0.37352365,665,2,0.92740995,"{""geodesic"":false,""type"":""Point"",""coordinates"":[76.35082535351994,14.520143673686915]}"
0000000000000000010d_0,0.2266,1.5563186,0.34711093,1.9034296,-0.015700012,0.2109,0.1456,-0.034800008,0.1108,0.14615,-0.030549996,0.1156,0.1367,-0.031200007,0.1055,0.1355,0.9912216,-0.14951545,0.84170616,-0.0467,0.0888,0.21345,1.5752767,1.1961197,2.7713964,0.032649994,0.2461,0.22338444,0.246308,0.46969244,676,2,2.9401226,"{""geodesic"":false,""type"":""Point"",""coordinates"":[76.32809797683171,14.450344576110828]}"
0000000000000000010e_0,0.1908,1.8240918,-0.051180165,1.7729117,0.027800009,0.2186,0.1046,0.018700004,0.1233,0.1147,0.002500005,0.1172,0.1035,0.002399996,0.1059,0.0881,0.85120773,0.008093502,0.8593012,0.002899997,0.091,0.2324,2.6379113,-0.3730762,2.2648351,-0.026299998,0.2061,0.450234,-0.06282234,0.38741165,648,2,2.1274288,"{""geodesic"":false,""type"":""Point"",""coordinates"":[76.3746307085491,14.463190484673738]}"
0000000000000000010f_0,0.3534,1.4459902,0.12264764,1.5686378,-0.056299984,0.2971,0.2444,-0.054999992,0.1894,0.1279,-0.0075000077,0.1204,0.1267,-0.0163,0.1104,0.166,1.3101815,-0.3373554,0.9728261,-0.058599994,0.1074,0.2493,1.5018073,0.5466098,2.048417,-0.029300004,0.22,0.20057791,0.14334388,0.3439218,687,2,2.1274288,"{""geodesic"":false,""type"":""Point"",""coordinates"":[76.31354526922897,14.463190484673738]}"
00000000000000000110_0,0.2598,1.5645889,0.14401563,1.7086045,-0.02349998,0.2363,0.16605,-0.02775,0.1383,0.12085,-0.0052499995,0.1156,0.1079,-0.0073999986,0.1005,0.11735,1.087581,-0.14827757,0.9393035,-0.022949994,0.0944,0.23395,1.993609,0.73308593,2.7266948,0.023450002,0.2574,0.33191007,0.13142137,0.46333143,687,2,3.9931352,"{""geodesic"":false,""type"":""Point"",""coordinates"":[76.30357396957524,14.429593493047667]}"
00000000000000000111_0,0.26155,1.4237889,0.24309888,1.6668878,-0.010350019,0.2512,0.1837,-0.032999992,0.1507,0.11635,-0.0028500035,0.1135,0.1052,-0.0066,0.0986,0.1118,1.0627376,-0.19458345,0.86815417,-0.026199996,0.0856,0.1939,1.7343471,0.86261535,2.5969625,0.028399989,0.2223,0.26856396,0.17541133,0.4439753,659,2,2.7802885,"{""geodesic"":false,""type"":""Point"",""coordinates"":[76.3461541140425,14.4591480658952]}"
00000000000000000112_0,0.3207,1.3148831,0.07808023,1.3929633,-0.039599985,0.2811,0.2439,-0.042099997,0.2018,0.1225,-0.0058000013,0.1167,0.1166,-0.0132,0.1034,0.1463,1.254717,-0.17541337,1.0793036,-0.034700006,0.1116,0.2035,1.3909774,-0.0029845654,1.3879929,-0.048600003,0.1549,0.163522,-0.0010454484,0.16247655,652,2,4.2488403,"{""geodesic"":false,""type"":""Point"",""coordinates"":[76.3957411177259,14.45223103820748]}"
00000000000000000113_0,0.22305,1.4889853,0.08736549,1.5763508,-0.021750003,0.2013,0.1498,-0.022100002,0.1277,0.11865,-0.00485,0.1138,0.1076,-0.0053000003,0.1023,0.12855,1.1947025,-0.18101732,1.0136852,-0.024849996,0.1037,0.1934,1.504473,0.19080183,1.6952748,-0.0176,0.1758,0.2014288,0.05653184,0.25796065,661,2,1.3331349,"{""geodesic"":false,""type"":""Point"",""coordinates"":[76.3559457506394,14.485109377606253]}"
00000000000000000114_0,0.405,1.4705882,0.368443,1.8390312,-0.14680001,0.2582,0.2754,-0.135,0.1404,0.1401,-0.0295,0.1106,0.1408,-0.0326,0.1082,0.1783,1.2663351,-0.3911041,0.8752311,-0.08359999,0.0947,0.2614,1.4660685,1.202358,2.6684265,-0.008700013,0.2527,0.18899255,0.2658146,0.45480713,709,2,0.0,"{""geodesic"":false,""type"":""Point"",""coordinates"":[76.28839244127363,14.488882301799556]}"
00000000000000000115_0,0.3188,1.4725174,0.19675721,1.6692746,-0.08410001,0.2347,0.2165,-0.0759,0.1406,0.1337,-0.010399997,0.1233,0.1341,-0.024200007,0.1099,0.1619,1.2073079,-0.261903,0.94540495,-0.058,0.1039,0.2526,1.5602225,0.8257255,2.385948,-0.00470002,0.2479,0.21881789,0.19050558,0.40932345,682,2,2.0868847,"{""geodesic"":false,""type"":""Point"",""coordinates"":[76.30806554599585,14.525174239277984]}"
00000000000000000116_0,0.2635,1.4778464,0.5031059,1.9809523,0.0068999827,0.2704,0.1783,-0.041799992,0.1365,0.11635,-0.0016500056,0.1147,0.10755,-3.5000592E-4,0.1072,0.11495,1.0688052,-0.26376784,0.8050373,-0.02865,0.0863,0.25985,2.260548,1.5169723,3.7775204,0.06615001,0.326,0.3866062,0.19476661,0.5813728,687,2,1.3330531,"{""geodesic"":false,""type"":""Point"",""coordinates"":[76.30456211638777,14.458609076724729]}"
00000000000000000117_0,0.20225,1.379134,0.38646457,1.7655985,0.0071499944,0.2094,0.14665,-0.028049998,0.1186,0.11595,-0.00485,0.1111,0.10375,-0.0012499988,0.1025,0.1106,1.0660242,-0.17529239,0.89073175,-0.019299999,0.0913,0.14845,1.3422242,0.91626424,2.2584884,0.05775,0.2062,0.14611079,0.2401077,0.3862185,772,2,12.777733,"{""geodesic"":false,""type"":""Point"",""coordinates"":[76.34660327168457,14.480617801185657]}"
00000000000000000118_0,0.25625,1.4259877,0.6975226,2.1235104,-0.06025,0.196,0.1797,-0.087400004,0.0923,0.12175,-0.012449995,0.1093,0.10755,-0.004150003,0.1034,0.11385,1.0585773,-0.28391585,0.77466154,-0.033749998,0.0801,0.16695,1.4664032,1.8631848,3.329588,0.09975,0.2667,0.18910258,0.3489597,0.5380623,694,2,1.8543341,"{""geodesic"":false,""type"":""Point"",""coordinates"":[76.29477047979087,14.499392590623755]}"
00000000000000000119_0,0.2749,1.4529598,0.5634157,2.0163755,-0.09019999,0.1847,0.1892,-0.0976,0.0916,0.12,-0.0079,0.1121,0.1095,-0.004900001,0.1046,0.1229,1.1223744,-0.32313925,0.7992352,-0.039300002,0.0836,0.1785,1.4524003,1.2940112,2.7464116,0.0511,0.2296,0.18447244,0.28168336,0.4661558,681,2,1.3332357,"{""geodesic"":false,""type"":""Point"",""coordinates"":[76.31183847018914,14.517448727834557]}"
0000000000000000011a_0,0.21955,1.4453589,-0.024082279,1.4212766,0.11444999,0.334,0.1519,0.083100006,0.235,0.1179,0.008900002,0.1268,0.101,0.016999997,0.118,0.1035,1.0247525,0.12016286,1.1449153,0.031600006,0.1351,0.1334,1.2888888,0.19519696,1.4840858,0.0671,0.2005,0.12621357,0.06866126,0.19487482,675,2,0.92740995,"{""geodesic"":false,""type"":""Point"",""coordinates"":[76.31120964949027,14.431300292087494]}"
0000000000000000011b_0,0.3525,1.4156626,0.1679747,1.5836374,-0.04859999,0.3039,0.249,-0.057099998,0.1919,0.1218,-0.0054999962,0.1163,0.1172,-0.004900001,0.1123,0.157,1.3395904,-0.27369556,1.065895,-0.037300006,0.1197,0.211,1.343949,0.5499524,1.8939013,0.015699998,0.2267,0.14673911,0.16215234,0.30889145,694,2,3.9934661,"{""geodesic"":false,""type"":""Point"",""coordinates"":[76.2911772186544,14.46561593594086]}"
0000000000000000011c_0,0.2977,1.3744228,0.35155308,1.725976,-0.067799985,0.2299,0.2166,-0.083399996,0.1332,0.1132,0.0023000017,0.1155,0.1006,0.0039000064,0.1045,0.1101,1.0944334,-0.18917032,0.9052631,-0.015500002,0.0946,0.1897,1.7229792,0.46518156,2.1881607,0.017299995,0.207,0.26551035,0.1071687,0.37267905,692,2,3.415699,"{""geodesic"":false,""type"":""Point"",""coordinates"":[76.35405928854276,14.416118763785875]}"
0000000000000000011d_0,0.23875,1.3409154,0.3096623,1.6505778,0.0040500015,0.2428,0.17805,-0.030949995,0.1471,0.113,0.0034999996,0.1165,0.0997,0.0067000017,0.1064,0.11555,1.1589769,-0.21630776,0.94266915,-0.015249997,0.1003,0.15305,1.3245349,0.57077914,1.8953141,0.037049994,0.1901,0.13961284,0.16961582,0.30922866,651,2,2.127431,"{""geodesic"":false,""type"":""Point"",""coordinates"":[76.37921211649811,14.46328031620215]}"
0000000000000000011e_0,0.2214,1.6874999,0.41659746,2.1040974,-0.031399995,0.19,0.1312,-0.0409,0.0903,0.11555,0.0043500066,0.1199,0.1064,-0.0024999976,0.1039,0.0941,0.8843985,-0.01818095,0.86621755,-0.004099995,0.09,0.22365,2.3767269,0.6110509,2.9877777,0.045250013,0.2689,0.40771046,0.09075707,0.49846753,655,2,2.0867586,"{""geodesic"":false,""type"":""Point"",""coordinates"":[76.34929821753693,14.461753180219146]}"
0000000000000000011f_0,0.2402,1.770081,0.30483377,2.0749147,-0.057400003,0.1828,0.1357,-0.0476,0.0881,0.1105,0.0028000027,0.1133,0.0967,-5.9999526E-4,0.0961,0.0871,0.9007239,-0.14526087,0.75546306,-0.0145,0.0726,0.2407,2.7634904,1.0615786,3.825069,0.037,0.2777,0.46857843,0.11691974,0.58549815,669,2,2.7802885,"{""geodesic"":false,""type"":""Point"",""coordinates"":[76.33456584687737,14.47621605629347]}"
00000000000000000120_0,0.2837,1.5481583,-0.016351603,1.5318066,-0.042899996,0.2408,0.18325,-0.026050001,0.1572,0.116,-0.008299999,0.1077,0.11,-0.013999999,0.096,0.122,1.1090909,-0.09763263,1.0114583,-0.024900004,0.0971,0.20205,1.6561475,0.011205755,1.6673533,-0.04015,0.1619,0.24702978,0.0031632856,0.25019306,682,2,3.4158518,"{""geodesic"":false,""type"":""Point"",""coordinates"":[76.30528076861508,14.430222313746551]}"
00000000000000000121_0,0.38805,1.351855,0.40851644,1.7603714,-0.10374999,0.2843,0.28705,-0.12555,0.1615,0.1297,-0.013900004,0.1158,0.1299,-0.016199991,0.1137,0.16845,1.2967668,-0.3680069,0.9287599,-0.06285,0.1056,0.23925,1.4203027,1.2577274,2.6780303,0.043549985,0.2828,0.17365712,0.28257355,0.45623067,645,2,1.8543341,"{""geodesic"":false,""type"":""Point"",""coordinates"":[76.38945291073708,14.523287777181334]}"
00000000000000000122_0,0.22055,1.6539183,-0.1923275,1.4615908,-0.005549997,0.215,0.13335,0.013750002,0.1471,0.115,-0.0055000037,0.1095,0.1067,-0.009500004,0.0972,0.0969,0.9081537,0.08361588,0.99176955,-5.00001E-4,0.0964,0.22815,2.354489,-0.7341571,1.620332,-0.07194999,0.1562,0.403784,-0.16704607,0.23673795,677,2,3.3741567,"{""geodesic"":false,""type"":""Point"",""coordinates"":[76.33124208032612,14.441091928684397]}"
00000000000000000123_0,0.11215,1.7592157,-0.056925613,1.70229,0.043950006,0.1561,0.06375,0.027950004,0.0917,0.12405,-0.010250002,0.1138,0.12745,-0.033350006,0.0941,0.1265,0.992546,-0.14026119,0.85228485,-0.046299994,0.0802,0.11615,0.91818184,0.68655634,1.6047381,0.012550004,0.1287,-0.042654015,0.2748225,0.23216851,654,2,3.3742378,"{""geodesic"":false,""type"":""Point"",""coordinates"":[76.36349159902602,14.457890424497432]}"
00000000000000000124_0,0.4044,1.5625966,0.16841206,1.7310086,-0.1264,0.278,0.2588,-0.09819999,0.1606,0.1391,-0.022100002,0.117,0.1407,-0.031099997,0.1096,0.1833,1.3027719,-0.27175003,1.0310218,-0.070300005,0.113,0.2535,1.3829788,0.36657873,1.7495575,-0.05580002,0.1977,0.1607143,0.11189593,0.27261022,686,2,5.547545,"{""geodesic"":false,""type"":""Point"",""coordinates"":[76.28982974572821,14.427078210252134]}"
00000000000000000125_0,0.2467,1.4359721,0.11950246,1.5554745,-0.033600003,0.2131,0.1718,-0.034800008,0.137,0.1255,-0.00689999,0.1186,0.1115,-0.011300005,0.1002,0.1187,1.064574,-0.18034236,0.88423157,-0.030099995,0.0886,0.1597,1.3454087,0.53156644,1.876975,0.0065999925,0.1663,0.14727014,0.15755527,0.3048254,673,2,0.92740995,"{""geodesic"":false,""type"":""Point"",""coordinates"":[76.37211542575356,14.488343312629084]}"
00000000000000000126_0,0.3477,1.3919135,0.34799382,1.7399074,-0.084800005,0.2629,0.2498,-0.0987,0.1511,0.1248,-0.006699994,0.1181,0.1216,-0.011700004,0.1099,0.158,1.2993422,-0.32845947,0.97088265,-0.051300004,0.1067,0.2102,1.3303797,0.79145724,2.121837,0.016200006,0.2264,0.14177075,0.2175808,0.35935155,693,2,1.8543341,"{""geodesic"":false,""type"":""Point"",""coordinates"":[76.29009924031345,14.435163047809208]}"
00000000000000000127_0,0.2931,1.4132112,0.4126275,1.8258387,-0.03729999,0.2558,0.2074,-0.06729999,0.1401,0.1226,-0.0026999936,0.1199,0.1129,-0.0075999945,0.1053,0.1312,1.1620904,-0.21052347,0.95156693,-0.031000003,0.1002,0.1962,1.4954268,0.76205826,2.2574852,0.030000001,0.2262,0.1985339,0.18749553,0.38602942,714,2,5.4393506,"{""geodesic"":false,""type"":""Point"",""coordinates"":[76.31435375298467,14.4899602801405]}"
00000000000000000128_0,0.2442,1.7197183,-0.003801675,1.7159166,0.011299983,0.2555,0.142,0.0068999976,0.1489,0.1236,-0.013599999,0.11,0.1152,-0.014299996,0.1009,0.1155,1.0026042,-0.07891743,0.9236868,-0.022300005,0.0932,0.2565,2.2207792,-0.12850457,2.0922747,-0.061500013,0.195,0.37903225,-0.025805337,0.35322693,685,2,5.438884,"{""geodesic"":false,""type"":""Point"",""coordinates"":[76.28920092502933,14.420790003263296]}"
00000000000000000129_0,0.2422,1.3652763,0.22362845,1.5889047,-0.018800005,0.2234,0.1774,-0.036799997,0.1406,0.1187,-0.0051999986,0.1135,0.1071,-0.011,0.0961,0.1165,1.0877684,-0.18142088,0.9063475,-0.029399998,0.0871,0.1681,1.4429184,0.7304455,2.173364,0.021200001,0.1893,0.1813071,0.18844688,0.369754,648,2,2.6644878,"{""geodesic"":false,""type"":""Point"",""coordinates"":[76.38208672540729,14.429862987632903]}"
0000000000000000012a_0,0.22825,1.3960245,0.18510494,1.5811294,-0.0070499927,0.2212,0.1635,-0.023599997,0.1399,0.1176,-0.0051000044,0.1125,0.10215,-0.005649999,0.0965,0.1085,1.0621635,-0.1191583,0.94300514,-0.017499998,0.091,0.13785,1.270507,0.37674585,1.6472528,0.012050003,0.1499,0.119139455,0.12536035,0.24449982,672,2,2.0867105,"{""geodesic"":false,""type"":""Point"",""coordinates"":[76.36456957736696,14.437139341434271]}"
0000000000000000012b_0,0.17515,1.8524591,0.1436038,1.9960629,-0.02305001,0.1521,0.09455,-0.018349998,0.0762,0.11385,-0.0018499941,0.112,0.1024,-0.008599997,0.0938,0.09415,0.9194336,-0.0526959,0.8667377,-0.012850001,0.0813,0.21325,2.2650027,0.024050394,2.289053,-0.02714999,0.1861,0.38744307,0.004479172,0.39192224,689,2,1.3329886,"{""geodesic"":false,""type"":""Point"",""coordinates"":[76.29863323551258,14.437678330604744]}"
0000000000000000012c_0,0.2891,1.4513052,0.21312945,1.6644346,-0.06539999,0.2237,0.1992,-0.06480001,0.1344,0.1292,-0.0056999996,0.1235,0.124,-0.011599995,0.1124,0.1374,1.1080645,-0.19525318,0.9128114,-0.0348,0.1026,0.2705,1.9687046,0.30614927,2.2748537,-0.037100002,0.2334,0.32630548,0.06298024,0.3892857,449,3,2.0885143,"{""geodesic"":false,""type"":""Point"",""coordinates"":[76.61160628049983,15.320452760308997]}"
0000000000000000012d_0,0.1627,1.4360105,0.5349535,1.9709641,0.0069999993,0.1697,0.1133,-0.027200006,0.0861,0.1055,1.0000169E-4,0.1056,0.0909,0.0040000007,0.0949,0.0953,1.0484048,-0.25915295,0.78925186,-0.020399995,0.0749,0.1312,1.3767052,1.6179543,2.9946594,0.0931,0.2243,0.15849891,0.34083262,0.49933153,776,3,34.278225,"{""geodesic"":false,""type"":""Point"",""coordinates"":[76.66568486060382,15.014756069123123]}"
0000000000000000012e_0,0.3616,1.281815,0.20955814,1.4913732,-0.04610002,0.3155,0.2821,-0.070549995,0.21155,0.14065,-0.015150011,0.1255,0.14195,-0.0136999935,0.12825,0.17745,1.2500881,-0.14482503,1.1052631,-0.03570001,0.14175,0.22145,1.2479571,0.4077748,1.6557319,0.013249993,0.2347,0.110303335,0.13660862,0.24691196,718,3,1.9186875,"{""geodesic"":false,""type"":""Point"",""coordinates"":[76.58447715891941,14.88665630960768]}"
0000000000000000012f_0,0.1309,2.1215558,-0.3307972,1.7907586,0.07450001,0.2054,0.0617,0.052999996,0.1147,0.1163,0.020699993,0.137,0.104,0.024800003,0.1288,0.0782,0.751923,0.15335643,0.90527946,0.0384,0.1166,0.2557,3.269821,-1.3384316,1.9313893,-0.030499995,0.2252,0.5315963,-0.21386662,0.31772965,448,3,1.9228578,"{""geodesic"":false,""type"":""Point"",""coordinates"":[76.39681909606685,15.347581881889406]}"
00000000000000000130_0,0.3152,1.3974729,0.10304252,1.5005153,-0.024100006,0.2911,0.22555,-0.03154999,0.194,0.1336,-0.011799999,0.1218,0.1309,-0.012899995,0.118,0.1696,1.2956456,-0.15666254,1.138983,-0.0352,0.1344,0.2156,1.2712264,0.46166047,1.7328869,0.017299995,0.2329,0.119418494,0.14875466,0.26817316,524,3,1.8543341,"{""geodesic"":false,""type"":""Point"",""coordinates"":[76.34085405386621,15.138723578331618]}"
00000000000000000131_0,0.1962,1.345679,0.34817886,1.6938579,-0.019700006,0.1765,0.1458,-0.041599996,0.1042,0.1267,-0.0054999962,0.1212,0.1087,-0.0022,0.1065,0.1123,1.0331187,-0.2265459,0.8065728,-0.0264,0.0859,0.1429,1.2724844,1.0348496,2.3073342,0.055299997,0.1982,0.11990597,0.2753774,0.39528334,449,3,12.572742,"{""geodesic"":false,""type"":""Point"",""coordinates"":[76.4610486388814,15.345156430622284]}"
00000000000000000132_0,0.3223,1.2268747,0.28658158,1.5134563,-0.072049975,0.25025,0.2627,-0.09734999,0.16535,0.1133,-0.0067500025,0.10655,0.1046,-0.0041999966,0.1004,0.1372,1.3116635,-0.34104595,0.97061753,-0.039749995,0.09745,0.164,1.1953353,0.6061012,1.8014365,0.011549994,0.17555,0.08897745,0.19710313,0.28608057,668,3,3.8347023,"{""geodesic"":false,""type"":""Point"",""coordinates"":[76.65930682208658,14.977835310945812]}"
00000000000000000133_0,0.3621,1.3511194,0.4926737,1.843793,-0.09475002,0.26735,0.268,-0.12300001,0.145,0.1276,-0.008500002,0.1191,0.1242,-0.011349998,0.11285,0.1482,1.1932367,-0.2579244,0.93531233,-0.042650007,0.10555,0.2326,1.5695007,0.89426064,2.4637613,0.027449995,0.26005,0.22163865,0.20095436,0.422593,592,3,0.92740995,"{""geodesic"":false,""type"":""Point"",""coordinates"":[76.3799307687254,15.003167801957982]}"
00000000000000000134_0,0.4052,1.4152986,0.29994196,1.7152406,-0.14860001,0.2566,0.2863,-0.1367,0.1496,0.1428,-0.023900002,0.1189,0.1484,-0.038699992,0.1097,0.1948,1.3126686,-0.36645162,0.94621694,-0.091000006,0.1038,0.2615,1.3424025,0.857983,2.2003853,-0.033099994,0.2284,0.14617576,0.22889952,0.37507528,711,3,0.95979977,"{""geodesic"":false,""type"":""Point"",""coordinates"":[76.54558010711705,14.928697464904474]}"
00000000000000000135_0,0.1554,1.8478001,0.46317554,2.3109758,-0.02274999,0.13265,0.0841,-0.026700001,0.0574,0.0975,-0.001349993,0.09615,0.0826,-0.0016499981,0.08095,0.0727,0.8801453,-0.14944737,0.73069793,-0.013550002,0.05915,0.18985,2.6114168,1.0411614,3.652578,0.026199996,0.21605,0.44620073,0.1239301,0.5701308,760,3,33.899475,"{""geodesic"":false,""type"":""Point"",""coordinates"":[76.5624684344585,15.022930738208611]}"
00000000000000000136_0,0.18,1.615799,0.64922833,2.2650273,-0.014200002,0.1658,0.1114,-0.0382,0.0732,0.0987,0.001199998,0.0999,0.0832,0.0010999963,0.0843,0.0745,0.8954327,-0.17419899,0.7212337,-0.013700001,0.0608,0.1669,2.2402682,1.5623631,3.8026314,0.0643,0.2312,0.38276717,0.20079447,0.58356166,954,3,1.3348966,"{""geodesic"":false,""type"":""Point"",""coordinates"":[76.5264459915653,15.040717380834177]}"
00000000000000000138_0,0.313,1.5030012,0.18653454,1.6895357,-0.069199994,0.2438,0.20825,-0.06395,0.1443,0.13705,-0.012450002,0.1246,0.1367,-0.019500002,0.1172,0.15335,1.1217995,-0.18579267,0.93600684,-0.043649994,0.1097,0.2325,1.5161396,0.56590235,2.082042,-0.004099995,0.2284,0.20513155,0.14594802,0.35107958,607,3,7.065908,"{""geodesic"":false,""type"":""Point"",""coordinates"":[76.63235736356299,14.84344734444153]}"
00000000000000000139_0,0.2628,1.292671,0.041948188,1.3346192,0.013999999,0.2768,0.2033,0.004099995,0.2074,0.1229,0.002899997,0.1258,0.1154,0.0014500022,0.11685,0.1422,1.2322357,-0.15564175,1.0765939,-0.016399994,0.1258,0.1768,1.2433193,0.5265536,1.7698729,0.04585001,0.22265,0.108463965,0.16948123,0.2779452,595,3,1.9203746,"{""geodesic"":false,""type"":""Point"",""coordinates"":[76.68481897615557,15.074943193159132]}"
0000000000000000013a_0,0.1276,2.0952382,-0.22945942,1.8657787,0.0545,0.1821,0.0609,0.0367,0.0976,0.1149,0.017599992,0.1325,0.0998,0.021200001,0.121,0.0789,0.7905812,0.19702208,0.9876033,0.040599994,0.1195,0.2564,3.249683,-1.0731138,2.1765692,0.003700018,0.2601,0.5293766,-0.15898675,0.3703899,439,3,0.9614048,"{""geodesic"":false,""type"":""Point"",""coordinates"":[76.69793437930372,15.283262507546448]}"
0000000000000000013b_0,0.314,1.4125057,0.42075366,1.8332593,-0.10730001,0.2067,0.2223,-0.10954999,0.11275,0.1378,-0.021699995,0.1161,0.134,-0.020350002,0.11365,0.1585,1.1828358,-0.3328578,0.849978,-0.061899997,0.0966,0.2615,1.6498423,0.85171044,2.5015528,-0.01985,0.24165,0.2452381,0.18358673,0.4288248,533,3,3.4234028,"{""geodesic"":false,""type"":""Point"",""coordinates"":[76.38451217667442,15.111055467580737]}"
0000000000000000013c_0,0.4055,1.3195574,0.2884604,1.6080178,-0.11669999,0.2888,0.3073,-0.1277,0.1796,0.1464,-0.032500006,0.1139,0.1501,-0.026399992,0.1237,0.1973,1.314457,-0.26191065,1.0525465,-0.0671,0.1302,0.2549,1.2919413,0.6742647,1.966206,0.0011000037,0.256,0.12737727,0.19836071,0.32573798,732,3,1.8543341,"{""geodesic"":false,""type"":""Point"",""coordinates"":[76.56713967393591,14.921960100273576]}"
0000000000000000013d_0,0.12675,2.1759658,-0.01333395,2.162632,0.04744999,0.1742,0.05825,0.022300001,0.08055,0.114,-0.010399997,0.1036,0.10285,-0.0062000006,0.09665,0.0867,0.8429752,-0.089741856,0.7532334,-0.013899997,0.0728,0.2571,2.9653978,0.8422946,3.8076923,0.020100027,0.2772,0.49563697,0.08836302,0.584,482,3,1.3357662,"{""geodesic"":false,""type"":""Point"",""coordinates"":[76.3197436446894,15.306618704933557]}"
0000000000000000013e_0,0.19675,1.3701253,0.060959693,1.431085,-0.0015500039,0.1952,0.1436,-0.0072000027,0.1364,0.1166,0.019900002,0.1365,0.1045,0.017399997,0.1219,0.12305,1.1775119,-0.24970222,0.92780966,-0.009949997,0.1131,0.16985,1.3803333,0.4003917,1.780725,0.03154999,0.2014,0.15978153,0.12098158,0.28076312,564,3,3.3774498,"{""geodesic"":false,""type"":""Point"",""coordinates"":[76.74285014350968,15.100455347228126]}"
0000000000000000013f_0,0.34345,1.4922876,0.15648055,1.6487682,-0.08245,0.261,0.23015,-0.07185,0.1583,0.1372,-0.011299998,0.1259,0.1412,-0.020900004,0.1203,0.1654,1.171388,-0.09574384,1.0756443,-0.036,0.1294,0.2578,1.5586458,0.1105969,1.6692427,-0.041800007,0.216,0.21833651,0.032387298,0.2507238,571,3,2.940809,"{""geodesic"":false,""type"":""Point"",""coordinates"":[76.33591331980355,14.931572073813657]}"
00000000000000000140_0,0.3065,1.3087105,0.74944013,2.0581505,-0.090599984,0.2159,0.2342,-0.1293,0.1049,0.1382,-0.011700004,0.1265,0.1331,-0.018700004,0.1144,0.1668,1.2531931,-0.47434694,0.7788462,-0.077700004,0.0891,0.2185,1.309952,2.2961085,3.6060605,0.1028,0.3213,0.13418114,0.43160832,0.56578946,496,3,1.335941,"{""geodesic"":false,""type"":""Point"",""coordinates"":[76.25919719453974,15.359529475168197]}"
00000000000000000141_0,0.2314,1.5233707,0.18523324,1.708604,-0.020899996,0.2105,0.1519,-0.028699994,0.1232,0.12,-0.0018000007,0.1182,0.1082,-5.00001E-4,0.1077,0.1119,1.034196,-0.09733427,0.9368617,-0.011,0.1009,0.2049,1.8310992,0.43351918,2.2646184,0.023599997,0.2285,0.2935606,0.093810365,0.38737094,517,3,3.8375156,"{""geodesic"":false,""type"":""Point"",""coordinates"":[76.30896386127996,15.134321833439433]}"
00000000000000000142_0,0.1935,1.6165414,0.07095864,1.6875,-0.0072000027,0.1863,0.1197,-0.009300001,0.1104,0.11195,0.0011499971,0.1131,0.1038,-0.007199995,0.0966,0.0939,0.9046243,-0.08578379,0.8188405,-0.014800005,0.0791,0.20725,2.2071352,0.10133526,2.3084705,-0.024649993,0.1826,0.3763905,0.019100556,0.39549103,532,3,0.960658,"{""geodesic"":false,""type"":""Point"",""coordinates"":[76.38720712252677,15.119409799723048]}"
00000000000000000143_0,0.2679,1.4280384,0.48818275,1.916221,-0.052899987,0.215,0.1876,-0.0754,0.1122,0.1244,0.0019000098,0.1263,0.1141,-0.0034000054,0.1107,0.1307,1.1454865,-0.28460118,0.86088526,-0.03540001,0.0953,0.1837,1.4055086,1.1222982,2.527807,0.0572,0.2409,0.16857502,0.26450053,0.43307555,530,3,4.736448,"{""geodesic"":false,""type"":""Point"",""coordinates"":[76.57612282677711,15.303205106853902]}"
00000000000000000144_0,0.1201,1.9465153,0.09486399,2.0413792,0.013100006,0.1332,0.0617,0.0035500005,0.06525,0.117,-0.010700002,0.1063,0.1109,-0.015450001,0.09545,0.1003,0.9044184,-0.037472334,0.86694604,-0.017549999,0.08275,0.2407,2.3998008,0.3137944,2.7135952,-0.016150013,0.22455,0.41173023,0.049708102,0.46143833,480,3,4.7977624,"{""geodesic"":false,""type"":""Point"",""coordinates"":[76.31857583482004,15.35000733315653]}"
00000000000000000145_0,0.23235,1.271757,0.05332232,1.3250794,-0.023650005,0.2087,0.1827,-0.025199994,0.1575,0.1333,0.0019999892,0.1353,0.12915,0.002849996,0.132,0.14335,1.1099497,-0.16676787,0.9431818,-0.018850006,0.1245,0.16905,1.1792814,0.3893933,1.5686747,0.026250005,0.1953,0.082266286,0.13912208,0.22138837,538,3,5.547545,"{""geodesic"":false,""type"":""Point"",""coordinates"":[76.68751392200792,15.148245720343285]}"
00000000000000000146_0,0.1658,1.4836689,0.601468,2.0851371,-0.021300003,0.1445,0.11175,-0.042449996,0.0693,0.11275,0.004450001,0.1172,0.0952,0.004999995,0.1002,0.10135,1.0646008,-0.24823356,0.81636727,-0.019550003,0.0818,0.13755,1.3571781,0.97167295,2.328851,0.05295001,0.1905,0.1515278,0.24766427,0.3991921,654,3,12.240756,"{""geodesic"":false,""type"":""Point"",""coordinates"":[76.55070050423653,15.193341147606084]}"
00000000000000000147_0,0.1822,1.3466371,0.1804505,1.5270877,0.005250007,0.18745,0.1353,-0.012549996,0.12275,0.1196,-0.014749996,0.10485,0.1037,-0.008749999,0.09495,0.1018,0.98167795,-0.18494284,0.7967351,-0.026150003,0.07565,0.1565,1.537328,1.3727843,2.9101124,0.06365,0.22015,0.21176924,0.2767365,0.48850575,605,3,13.144496,"{""geodesic"":false,""type"":""Point"",""coordinates"":[76.3377997819002,15.359619306696608]}"
00000000000000000148_0,0.3258,1.4931256,0.48987356,1.9829992,-0.09835,0.22745,0.2182,-0.1035,0.1147,0.12225,-0.014449999,0.1078,0.11125,-0.0132,0.09805,0.1339,1.2035955,-0.37646648,0.82712907,-0.0528,0.0811,0.19625,1.465646,1.2988421,2.7644882,0.027949989,0.2242,0.18885356,0.2798657,0.46871927,663,3,6.753863,"{""geodesic"":false,""type"":""Point"",""coordinates"":[76.45970116595522,15.005413590168281]}"
00000000000000000149_0,0.2154,1.5597394,0.40721294,1.9669522,-0.054700002,0.1607,0.1381,-0.0564,0.0817,0.119,-0.0077000037,0.1113,0.1075,-0.008000001,0.0995,0.1101,1.024186,-0.23021616,0.79396987,-0.031099997,0.079,0.1652,1.5004541,1.0970142,2.5974681,0.040000007,0.2052,0.20014527,0.2439082,0.44405347,668,3,5.9969835,"{""geodesic"":false,""type"":""Point"",""coordinates"":[76.50982715880909,14.78128392678046]}"
0000000000000000014a_0,0.02195,1.4070513,0.4830585,1.8901099,-0.0047500003,0.0172,0.0156,-0.006499999,0.0091,0.11405,0.0013500005,0.1154,0.0932,1.0000169E-4,0.0933,0.0658,0.7060086,-0.033982877,0.67202574,-0.0031000003,0.0627,0.0442,0.6717325,-0.02420457,0.64752793,-0.0035999976,0.0406,-0.19636367,-0.017576315,-0.21393998,492,3,0.0,"{""geodesic"":false,""type"":""Point"",""coordinates"":[76.33321837395118,15.242029836005363]}"
0000000000000000014b_0,0.24175,1.5682777,-0.050803043,1.5174747,0.027449995,0.2692,0.15415,0.023249999,0.1774,0.1195,0.011299998,0.1308,0.11215,0.00705,0.1192,0.12755,1.1373161,-0.15661147,0.98070467,-0.010650009,0.1169,0.22435,1.758918,0.27102208,2.0299401,0.012949988,0.2373,0.27507815,0.06484281,0.33992094,508,3,4.259933,"{""geodesic"":false,""type"":""Point"",""coordinates"":[76.29144671323964,15.152108476064999]}"
0000000000000000014c_0,0.1714,1.9792148,0.53186,2.5110748,-0.01834999,0.15305,0.0866,-0.025649998,0.06095,0.1126,-0.00705,0.10555,0.0988,-0.004900001,0.0939,0.0825,0.83502024,-0.14226203,0.6927582,-0.017450005,0.06505,0.2244,2.7199998,1.6212764,4.341276,0.058000013,0.2824,0.46236557,0.16319208,0.62555766,589,3,1.3347951,"{""geodesic"":false,""type"":""Point"",""coordinates"":[76.37283407798085,15.00954584047523]}"
0000000000000000014d_0,0.2864,1.5736264,0.18777427,1.7614006,-0.070099995,0.2163,0.182,-0.059199996,0.1228,0.1226,-0.009999998,0.1126,0.112,-0.012200005,0.0998,0.1337,1.1937499,-0.3049724,0.88877755,-0.045,0.0887,0.2069,1.5474944,0.7647943,2.3122888,-0.0018000007,0.2051,0.21491486,0.18127304,0.3961879,621,3,4.6273675,"{""geodesic"":false,""type"":""Point"",""coordinates"":[76.39457330785655,14.987087958372243]}"
0000000000000000014e_0,0.3307,1.2825286,0.64673746,1.9292661,-0.11250001,0.2182,0.25785,-0.14475,0.1131,0.1267,-0.013700001,0.113,0.12205,-0.022250004,0.0998,0.1542,1.2634166,-0.4197292,0.8436874,-0.07,0.0842,0.2024,1.3125811,1.1387254,2.4513063,0.004000008,0.2064,0.13516544,0.28534386,0.4205093,688,3,2.1312592,"{""geodesic"":false,""type"":""Point"",""coordinates"":[76.60998931298842,14.948101075041455]}"
0000000000000000014f_0,0.16845,1.6197115,0.37351352,1.993225,-0.021349996,0.1471,0.104,-0.030200005,0.0738,0.10715,-0.0040500015,0.1031,0.09145,-0.0018000007,0.08965,0.09485,1.0371789,-0.27365404,0.7635248,-0.026400007,0.06845,0.16425,1.7316816,0.9863609,2.7180424,0.021799996,0.18605,0.26785025,0.1942323,0.46208254,572,3,3.024317,"{""geodesic"":false,""type"":""Point"",""coordinates"":[76.53363251383826,15.067397344772528]}"
00000000000000000151_0,0.38215,1.3161702,0.36734214,1.6835123,-0.11565,0.2665,0.29035,-0.13205,0.1583,0.1322,-0.013800003,0.1184,0.1368,-0.028500006,0.1083,0.18555,1.3563596,-0.403451,0.95290864,-0.08235,0.1032,0.23035,1.2414443,0.7701835,2.011628,-0.022750005,0.2076,0.1077182,0.22818913,0.3359073,757,3,5.442124,"{""geodesic"":false,""type"":""Point"",""coordinates"":[76.61681650914772,14.893303842710164]}"
00000000000000000152_0,0.41725,1.3239728,0.15181576,1.4757885,-0.08505002,0.3322,0.31515,-0.09005,0.2251,0.13855,-0.01675,0.1218,0.14225,-0.02245,0.1198,0.20205,1.4203867,-0.22506115,1.1953255,-0.058850005,0.1432,0.2566,1.2699827,0.6622799,1.9322625,0.020099998,0.2767,0.118935995,0.19899684,0.31793284,628,3,0.0,"{""geodesic"":false,""type"":""Point"",""coordinates"":[76.54791572685575,14.784248367218055]}"
00000000000000000153_0,0.2516,1.3692516,0.81313044,2.182382,-0.0757,0.1759,0.18375,-0.10315,0.0806,0.1118,1.0000169E-4,0.1119,0.0983,-5.00001E-4,0.0978,0.1018,1.0356053,-0.32292634,0.71267897,-0.0321,0.0697,0.1755,1.7239686,2.3262465,4.050215,0.10679999,0.2823,0.26577714,0.33820012,0.60397726,688,3,11.520949,"{""geodesic"":false,""type"":""Point"",""coordinates"":[76.49850838622918,15.147886394229637]}"
00000000000000000154_0,0.265,1.3617676,0.2712599,1.6330276,-0.05139999,0.2136,0.1946,-0.06380001,0.1308,0.1326,0.0011000037,0.1337,0.12315,-5.0000846E-5,0.1231,0.1459,1.1847341,-0.25703293,0.9277011,-0.031699993,0.1142,0.2089,1.4318026,0.6671465,2.0989492,0.0308,0.2397,0.17756484,0.17705509,0.35461995,497,3,2.1338303,"{""geodesic"":false,""type"":""Point"",""coordinates"":[76.41739051607318,15.26394872893788]}"
00000000000000000155_0,0.2368,1.2989577,0.088755496,1.3877132,-0.0335,0.2033,0.1823,-0.035799995,0.1465,0.1069,-0.006549999,0.10035,0.0949,-0.00795,0.08695,0.1418,1.4942045,-0.17448048,1.319724,-0.027050003,0.11475,0.1595,1.1248237,0.13007823,1.2549019,-0.015500009,0.144,0.05874544,0.054298025,0.113043465,1018,3,7.6340814,"{""geodesic"":false,""type"":""Point"",""coordinates"":[76.61457072093742,15.080333084863849]}"
00000000000000000156_0,0.1986,1.6654087,0.3719803,2.037389,-0.037849993,0.16075,0.11925,-0.040349998,0.0789,0.09995,0.0084500015,0.1084,0.08555,0.0066,0.09215,0.07775,0.90882516,-0.13562934,0.77319586,-0.0064999983,0.07125,0.19045,2.4495177,0.668377,3.1178946,0.0317,0.22215,0.4202088,0.09410612,0.51431495,687,3,6.5346036,"{""geodesic"":false,""type"":""Point"",""coordinates"":[76.59471795315838,15.03990889707847]}"
00000000000000000157_0,0.1649,1.6424303,0.43655244,2.0789828,-0.009599999,0.1553,0.1004,-0.025700003,0.0747,0.1148,-0.0036000013,0.1112,0.0976,0.0011000037,0.0987,0.0848,0.86885244,-0.11505307,0.7537994,-0.010399997,0.0744,0.1799,2.1214623,1.1890215,3.310484,0.06639999,0.2463,0.3592747,0.17674029,0.536015,464,3,2.7802885,"{""geodesic"":false,""type"":""Point"",""coordinates"":[76.37337306715133,15.296108416109359]}"
00000000000000000158_0,0.17985,1.2098889,0.30595478,1.5158437,0.025849998,0.2057,0.14865,-0.012950003,0.1357,0.11825,0.008149996,0.1264,0.1049,0.0073999986,0.1123,0.113,1.0772164,-0.060297366,1.016919,0.0012000054,0.1142,0.13675,1.210177,0.35724857,1.5674256,0.042250007,0.179,0.0950951,0.12591445,0.22100955,468,3,1.9216263,"{""geodesic"":false,""type"":""Point"",""coordinates"":[76.65023383771697,15.213104083856715]}"
00000000000000000159_0,0.2352,1.332578,0.32628757,1.6588656,-0.02610001,0.2091,0.1765,-0.050449997,0.12605,0.1268,-0.011950001,0.11485,0.1155,-0.0037500039,0.11175,0.1329,1.1506493,-0.29874772,0.8519016,-0.037699997,0.0952,0.1768,1.3303236,0.96064276,2.2909663,0.0413,0.2181,0.14175008,0.25052568,0.39227575,540,3,7.240041,"{""geodesic"":false,""type"":""Point"",""coordinates"":[76.38621897571424,15.143484649337452]}"
0000000000000000015a_0,0.3482,1.3501357,0.15051842,1.5006541,-0.004099995,0.3441,0.2579,-0.028599992,0.2293,0.1484,-0.0076999962,0.1407,0.151,-0.012199998,0.1388,0.1857,1.2298014,-0.108763896,1.1210375,-0.030100003,0.1556,0.2546,1.3710285,0.39182508,1.7628536,0.01970002,0.2743,0.1564842,0.11962655,0.27611074,553,3,4.25493,"{""geodesic"":false,""type"":""Point"",""coordinates"":[76.70925315188362,14.841201556231232]}"
0000000000000000015b_0,0.2484,1.3459767,0.31687364,1.6628504,-0.0378,0.2106,0.18455,-0.057899997,0.12665,0.1199,0.001199998,0.1211,0.11035,-0.0036999956,0.10665,0.12595,1.1413684,-0.17043538,0.97093296,-0.022399992,0.10355,0.1595,1.2663757,0.65829843,1.924674,0.039800003,0.1993,0.11753375,0.19862936,0.31616312,581,3,1.3349183,"{""geodesic"":false,""type"":""Point"",""coordinates"":[76.72578215311142,15.047364913936663]}"
0000000000000000015c_0,0.2614,1.4076468,0.2423532,1.65,-0.017200008,0.2442,0.1857,-0.037699997,0.148,0.1236,5.00001E-4,0.1241,0.1177,-0.0063000023,0.1114,0.1337,1.1359388,-0.24455641,0.8913824,-0.0344,0.0993,0.181,1.353777,0.8526681,2.2064452,0.038100004,0.2191,0.15030186,0.22595443,0.3762563,538,3,1.3351249,"{""geodesic"":false,""type"":""Point"",""coordinates"":[76.34265068443445,15.11123513063756]}"
0000000000000000015d_0,0.1271,1.9464012,-0.30813307,1.6382681,0.10749999,0.2346,0.0653,0.07789999,0.1432,0.1149,0.012100004,0.127,0.1007,0.013400003,0.1141,0.0781,0.77557105,0.15869714,0.9342682,0.028499998,0.1066,0.2201,2.8181818,-0.5020466,2.3161352,0.026800007,0.2469,0.47619045,-0.07930219,0.39688826,454,3,0.0,"{""geodesic"":false,""type"":""Point"",""coordinates"":[76.68706476436587,15.238167080283649]}"
0000000000000000015e_0,0.10035,1.121229,0.11592851,1.2371576,-0.028099999,0.07225,0.0895,-0.031100001,0.0584,0.12165,-0.010700002,0.11095,0.10415,-0.0145,0.08965,0.109,1.0465674,-0.044336516,1.0022309,-0.019149996,0.08985,0.1076,0.98715603,0.023417171,1.0105731,-0.016800001,0.0908,-0.006463499,0.011722293,0.005258794,484,3,6.9443045,"{""geodesic"":false,""type"":""Point"",""coordinates"":[76.65382709885344,15.189208897299135]}"
0000000000000000015f_0,0.2414,1.6179624,-0.040630054,1.5773324,0.010499984,0.2519,0.1492,0.010499999,0.1597,0.1234,-0.0014000013,0.122,0.1105,-0.0053000003,0.1052,0.0991,0.8968326,0.06039173,0.9572243,0.0015999973,0.1007,0.261,2.6337035,-0.7767023,1.8570011,-0.074,0.187,0.44959733,-0.14963208,0.29996526,460,3,0.92740995,"{""geodesic"":false,""type"":""Point"",""coordinates"":[76.59660441525503,15.316140846945224]}"
00000000000000000160_0,0.2821,1.3667635,0.21022305,1.5769866,-0.04294999,0.23915,0.2064,-0.05475001,0.15165,0.1307,-0.00805001,0.12265,0.1239,-0.0088,0.1151,0.1605,1.2953995,-0.30191565,0.99348396,-0.046150006,0.11435,0.2012,1.2535825,0.5207945,1.774377,0.0017000139,0.2029,0.11252416,0.16659328,0.27911744,570,3,7.238104,"{""geodesic"":false,""type"":""Point"",""coordinates"":[76.37499003466274,15.076290666085312]}"
00000000000000000162_0,0.3322,1.3531568,0.07514425,1.4283011,-0.030399978,0.3018,0.2455,-0.034199998,0.2113,0.1427,-0.006099999,0.1366,0.142,-0.012600005,0.1294,0.1759,1.2387323,-0.114311896,1.1244204,-0.030399993,0.1455,0.2394,1.3610005,0.1620234,1.523024,-0.017800003,0.2216,0.15290153,0.054398917,0.20730044,526,3,2.7802885,"{""geodesic"":false,""type"":""Point"",""coordinates"":[76.722638049617,14.776253361189392]}"
00000000000000000163_0,0.1655,1.7061855,0.22947413,1.9356596,0.0119999945,0.1775,0.097,-0.0053000003,0.0917,0.1153,0.009800002,0.1251,0.0993,0.013700001,0.113,0.0843,0.8489426,-0.005579773,0.8433628,0.011,0.0953,0.227,2.692764,-0.06527173,2.6274922,0.023400009,0.2504,0.45840028,-0.009745341,0.44865492,417,3,1.3359659,"{""geodesic"":false,""type"":""Point"",""coordinates"":[76.60325194835751,15.366805828969564]}"
00000000000000000164_0,0.2538,1.4777293,0.4584612,1.9361905,-0.050500005,0.2033,0.17175,-0.06675,0.105,0.12505,-0.00204999,0.123,0.11095,-0.00395,0.107,0.12135,1.0937359,-0.24513775,0.8485981,-0.030549996,0.0908,0.18435,1.5191594,1.057933,2.5770924,0.04965,0.234,0.2060844,0.23480228,0.44088668,528,3,2.1327214,"{""geodesic"":false,""type"":""Point"",""coordinates"":[76.34040489622414,15.128662447149479]}"
00000000000000000165_0,0.1846,1.6038228,0.23370597,1.8375287,-0.023999989,0.1606,0.1151,-0.0277,0.0874,0.1194,-0.0016000047,0.1178,0.1063,-0.002399996,0.1039,0.0977,0.91909695,-0.16741258,0.75168437,-0.019599997,0.0781,0.1783,1.8249743,1.2275223,3.0524967,0.060100004,0.2384,0.29202896,0.21444811,0.50647706,542,3,8.4613085,"{""geodesic"":false,""type"":""Point"",""coordinates"":[76.7083548365995,14.772660100052914]}"
00000000000000000166_0,0.2859,1.260582,0.66969323,1.9302753,-0.0755,0.2104,0.2268,-0.1178,0.109,0.122,-0.010600001,0.1114,0.1135,-0.017399997,0.0961,0.1338,1.1788546,-0.30268398,0.87617064,-0.049599998,0.0842,0.1829,1.3669657,1.2197328,2.5866983,0.03490001,0.2178,0.1550363,0.2873478,0.4423841,701,3,4.2566366,"{""geodesic"":false,""type"":""Point"",""coordinates"":[76.59920952957899,14.948190906569867]}"
00000000000000000168_0,0.23125,1.2612491,0.2665454,1.5277944,0.024350002,0.2556,0.18335,-0.016049996,0.1673,0.11495,0.011849999,0.1268,0.10615,0.008249998,0.1144,0.13615,1.282619,-0.366535,0.91608393,-0.03135,0.1048,0.18675,1.3716489,0.810603,2.182252,0.041950002,0.2287,0.15670484,0.21480939,0.37151423,558,3,0.9604169,"{""geodesic"":false,""type"":""Point"",""coordinates"":[76.72281771267383,15.06613970337476]}"
00000000000000000169_0,0.1556,1.5958974,0.39455602,1.9904535,0.011200011,0.1668,0.0975,-0.0136999935,0.0838,0.1218,0.0037999973,0.1256,0.1074,0.0072000027,0.1146,0.1016,0.9459963,-0.09782875,0.8481675,-0.0044,0.0972,0.2194,2.1594489,1.0452838,3.2047327,0.09210001,0.3115,0.3669782,0.1573673,0.5243455,430,3,0.92740995,"{""geodesic"":false,""type"":""Point"",""coordinates"":[76.68158504113273,15.312996743450805]}"
0000000000000000016a_0,0.1857,1.584471,0.43492296,2.019394,-0.019099995,0.1666,0.1172,-0.0347,0.0825,0.12,-0.009099998,0.1109,0.1048,-0.006400004,0.0984,0.1013,0.96660304,-0.17493637,0.7916667,-0.023400001,0.0779,0.1708,1.6860809,1.6374105,3.3234916,0.08809999,0.2589,0.2554208,0.2819901,0.5374109,483,3,1.3357525,"{""geodesic"":false,""type"":""Point"",""coordinates"":[76.40975483615817,15.302576286155018]}"
0000000000000000016b_0,0.12585,2.1151261,-0.011447176,2.103679,-5.0008297E-5,0.1258,0.0595,2.9999763E-4,0.0598,0.1177,-0.0044,0.1133,0.10795,-0.009050004,0.0989,0.09465,0.8767948,-0.07396361,0.8028312,-0.015249997,0.0794,0.1933,2.042261,0.9854468,3.0277078,0.047100008,0.2404,0.34259418,0.16084546,0.50343966,502,3,1.3352435,"{""geodesic"":false,""type"":""Point"",""coordinates"":[76.26853967349459,15.14752706811599]}"
0000000000000000016c_0,0.0208,1.3866667,0.2409929,1.6276596,-0.0055,0.0153,0.015,-0.0056,0.0094,0.1107,0.0058000013,0.1165,0.087,0.005900003,0.0929,0.0627,0.7206897,-0.0565347,0.664155,-0.001000002,0.0617,0.0424,0.676236,-0.07980163,0.59643435,-0.005599998,0.0368,-0.19314942,-0.059642456,-0.25279188,492,3,0.0,"{""geodesic"":false,""type"":""Point"",""coordinates"":[76.28857210433044,15.214182062197658]}"
0000000000000000016d_0,0.1192,1.3740634,0.02109791,1.3951613,-0.049999997,0.0692,0.08675,-0.03715,0.0496,0.11185,-0.0026500002,0.1092,0.09155,-0.0059499964,0.0856,0.0943,1.0300382,-0.15153363,0.87850463,-0.019100003,0.0752,0.11925,1.2645811,-0.17681514,1.0877659,-0.03745,0.0818,0.116834454,-0.07479624,0.042038217,799,3,23.273094,"{""geodesic"":false,""type"":""Point"",""coordinates"":[76.42017529345395,15.23313651469258]}"
0000000000000000016e_0,0.2575,1.3994565,0.41925701,1.8187135,-0.03979999,0.2177,0.184,-0.0643,0.1197,0.1288,-0.011900008,0.1169,0.1164,-0.0172,0.0992,0.1349,1.1589347,-0.2758702,0.8830645,-0.047300003,0.0876,0.1847,1.3691623,1.2233034,2.5924656,0.042400002,0.2271,0.15581976,0.28745955,0.44327933,514,3,3.0270336,"{""geodesic"":false,""type"":""Point"",""coordinates"":[76.52015778457645,15.277153963614436]}"
0000000000000000016f_0,0.1882,1.4355453,0.71872455,2.15427,-0.0318,0.1564,0.1311,-0.0585,0.0726,0.1167,-0.008699998,0.108,0.0995,-0.0066,0.0929,0.1045,1.0502512,-0.30967,0.7405813,-0.0357,0.0688,0.1501,1.4363636,1.7453223,3.181686,0.0688,0.2189,0.17910443,0.34261957,0.521724,568,3,7.5018334,"{""geodesic"":false,""type"":""Point"",""coordinates"":[76.40957517310135,15.167290004366619]}"
00000000000000000170_0,0.19265,1.2907873,0.45863792,1.7494252,-0.0024000108,0.19025,0.14925,-0.0405,0.10875,0.1226,-0.007949993,0.11465,0.1084,-0.003200002,0.1052,0.11735,1.0825645,-0.26127174,0.8212928,-0.030949995,0.0864,0.12795,1.0903281,1.6758754,2.7662036,0.111049995,0.239,0.043212395,0.42574885,0.46896127,550,3,13.120995,"{""geodesic"":false,""type"":""Point"",""coordinates"":[76.69362246593994,15.160552639735723]}"
00000000000000000171_0,0.3065,1.4689672,0.18901779,1.657985,-0.06459999,0.2419,0.20865,-0.06275,0.1459,0.13285,-0.008250006,0.1246,0.13015,-0.011950009,0.1182,0.14645,1.1252401,-0.25637367,0.8688664,-0.043749996,0.1027,0.26275,1.7941277,0.9332334,2.727361,0.017349988,0.2801,0.2842131,0.17921424,0.46342736,533,3,2.12979,"{""geodesic"":false,""type"":""Point"",""coordinates"":[76.68562745991127,14.76421593638219]}"
00000000000000000172_0,0.1944,1.7052631,-0.030282557,1.6749805,0.020500004,0.2149,0.114,0.014299996,0.1283,0.1145,-7.9999864E-4,0.1137,0.1066,-0.003700003,0.1029,0.0975,0.9146341,0.06398592,0.97862,0.003200002,0.1007,0.2571,2.636923,-0.60415244,2.0327706,-0.052399993,0.2047,0.4500846,-0.1095476,0.34053698,555,3,3.0247674,"{""geodesic"":false,""type"":""Point"",""coordinates"":[76.68796307964999,15.102611303910013]}"
00000000000000000173_0,0.2231,1.4031447,0.26913765,1.6722825,-0.014650002,0.20845,0.159,-0.034349993,0.12465,0.1267,0.019950002,0.14665,0.1183,0.013550006,0.13185,0.1203,1.0169063,-0.14621985,0.87068635,-0.0055000037,0.1148,0.2128,1.768911,0.50635046,2.2752614,0.048400015,0.2612,0.27769437,0.11166736,0.38936174,439,3,0.961401,"{""geodesic"":false,""type"":""Point"",""coordinates"":[76.72021259834987,15.282543855319153]}"
00000000000000000174_0,0.2907,1.272767,0.12708585,1.3998529,-0.0051999986,0.2855,0.2284,-0.024450004,0.20395,0.1433,-0.0017499924,0.14155,0.1436,-0.001000002,0.1426,0.1772,1.2339833,-0.04148684,1.1924964,-0.0071500093,0.17005,0.2135,1.2048532,0.19238293,1.3972361,0.024100006,0.2376,0.09291013,0.072795756,0.16570589,649,3,7.3788605,"{""geodesic"":false,""type"":""Point"",""coordinates"":[76.74967733966899,14.983764191821]}"
00000000000000000175_0,0.1544,1.3773417,0.9282137,2.3055553,-0.00500001,0.1494,0.1121,-0.047299996,0.0648,0.1037,0.002000004,0.1057,0.0863,0.003200002,0.0895,0.0838,0.9710313,-0.22577998,0.74525136,-0.017100006,0.0667,0.133,1.5871122,1.6542673,3.2413795,0.08319999,0.2162,0.22693726,0.30151802,0.5284553,752,3,21.60344,"{""geodesic"":false,""type"":""Point"",""coordinates"":[76.63415399413122,15.017990004145954]}"
00000000000000000176_0,0.19105,1.6555458,0.5588505,2.2143962,-0.047999993,0.14305,0.1154,-0.050800003,0.0646,0.10995,-0.012199998,0.09775,0.0941,-0.0106500015,0.08345,0.097,1.0308183,-0.30044082,0.7303775,-0.036050003,0.06095,0.16345,1.6850516,1.7259412,3.4109926,0.04445,0.2079,0.25513533,0.291452,0.54658735,810,3,13.228966,"{""geodesic"":false,""type"":""Point"",""coordinates"":[76.49024388561529,15.168367982707561]}"
00000000000000000178_0,0.2007,1.6081731,0.35615247,1.9643255,-0.024499997,0.1762,0.1248,-0.035099998,0.0897,0.1092,0.002399996,0.1116,0.0973,3.9999932E-4,0.0977,0.1112,1.1428571,-0.3404006,0.8024565,-0.032799996,0.0784,0.178,1.6007195,1.2819335,2.882653,0.047999993,0.226,0.23098204,0.25390625,0.4848883,810,3,20.440214,"{""geodesic"":false,""type"":""Point"",""coordinates"":[76.6346929833017,15.028500292970152]}"
00000000000000000179_0,0.187,1.7,0.5998533,2.2998533,-0.030150011,0.15685,0.11,-0.0418,0.0682,0.122,-0.0132,0.1088,0.1107,-0.0119999945,0.0987,0.1019,0.9205059,-0.20419386,0.716312,-0.0312,0.0707,0.2214,2.1727183,1.8393046,4.012023,0.062250018,0.28365,0.36962575,0.23133379,0.60095954,539,3,1.335552,"{""geodesic"":false,""type"":""Point"",""coordinates"":[76.46095880735298,15.241760341420127]}"
0000000000000000017a_0,0.2127,1.264566,0.44519213,1.709758,-0.0076999962,0.205,0.1682,-0.048299998,0.1199,0.119,-0.0034000054,0.1156,0.1038,-5.00001E-4,0.1033,0.1113,1.0722543,-0.1661556,0.9060987,-0.017700002,0.0936,0.147,1.3207548,0.9709119,2.2916667,0.067499995,0.2145,0.13821138,0.2541937,0.39240506,685,3,2.0877247,"{""geodesic"":false,""type"":""Point"",""coordinates"":[76.42754147878374,14.941453541938971]}"
0000000000000000017b_0,0.15575,1.3403615,0.49634895,1.8367105,-0.0016500056,0.1541,0.1162,-0.032300003,0.0839,0.1156,0.006099999,0.1217,0.10085,0.0021499991,0.103,0.10565,1.0475954,-0.18934302,0.8582524,-0.017250001,0.0884,0.13035,1.2337908,0.9415487,2.1753395,0.061950013,0.1923,0.104660995,0.26548508,0.3701461,609,3,14.40626,"{""geodesic"":false,""type"":""Point"",""coordinates"":[76.74455694254952,15.035147826072636]}"
0000000000000000017c_0,0.19835,1.694575,0.41227433,2.1068492,-0.04455,0.1538,0.11705,-0.04405,0.073,0.1133,-0.0154,0.0979,0.0985,-0.011500001,0.087,0.10765,1.0928934,-0.38254854,0.71034485,-0.045849998,0.0618,0.16295,1.5137018,1.7524794,3.2661812,0.038900003,0.20185,0.20436068,0.326836,0.53119665,674,3,21.090786,"{""geodesic"":false,""type"":""Point"",""coordinates"":[76.44245351250012,15.203132784202987]}"
0000000000000000017e_0,0.361,1.3755001,0.21378577,1.5892859,-0.04949999,0.3115,0.26245,-0.066450015,0.196,0.13675,-0.005549997,0.1312,0.1354,-0.0048999935,0.1305,0.1701,1.2562778,-0.20723568,1.0490421,-0.03320001,0.1369,0.22675,1.3330394,0.5749228,1.9079622,0.03445001,0.2612,0.14274915,0.169484,0.31223315,576,3,4.724908,"{""geodesic"":false,""type"":""Point"",""coordinates"":[76.6436761361429,14.809580858230225]}"
0000000000000000017f_0,0.3111,1.3329049,0.49004328,1.8229482,-0.07120001,0.2399,0.2334,-0.101799995,0.1316,0.1382,-0.009100005,0.1291,0.1317,-0.006699994,0.125,0.1575,1.1958998,-0.3670998,0.8288,-0.053899996,0.1036,0.2158,1.3701588,1.3663275,2.7364862,0.06769998,0.2835,0.15617466,0.30856308,0.46473777,428,3,2.7802885,"{""geodesic"":false,""type"":""Point"",""coordinates"":[76.45907234525633,15.336083446252676]}"
00000000000000000180_0,0.2233,1.4263812,-0.057314556,1.3690667,0.033400014,0.2567,0.15655,0.030949995,0.1875,0.11165,0.009649999,0.1213,0.1019,0.012900002,0.1148,0.11485,1.1270854,-0.002520985,1.1245644,0.014249995,0.1291,0.22285,1.940357,-0.1944235,1.7459334,0.002550006,0.2254,0.31981048,-0.048160244,0.27165022,566,3,0.0,"{""geodesic"":false,""type"":""Point"",""coordinates"":[76.72299737573064,15.061558295425751]}"
00000000000000000181_0,0.2128,1.6244274,0.20612143,1.8305489,-0.059399992,0.1534,0.131,-0.047199994,0.0838,0.117,-0.0046999976,0.1123,0.1051,-0.011399999,0.0937,0.0974,0.9267365,-0.16259561,0.76414084,-0.025800005,0.0716,0.2403,2.4671457,0.85548013,3.3226259,-0.002399996,0.2379,0.42315665,0.11416163,0.5373183,647,3,0.9595004,"{""geodesic"":false,""type"":""Point"",""coordinates"":[76.55716837428218,14.86132381859551]}"
00000000000000000182_0,0.2527,1.4564842,0.09169109,1.5481752,-0.0406,0.2121,0.1735,-0.036500007,0.137,0.12415,-0.006350003,0.1178,0.1239,-0.01625,0.10765,0.1436,1.1589992,-0.12184178,1.0371574,-0.031950004,0.11165,0.2411,1.6789694,0.120851554,1.7998209,-0.04015,0.20095,0.25344422,0.032224357,0.28566858,545,3,3.826404,"{""geodesic"":false,""type"":""Point"",""coordinates"":[76.74626374158935,14.904442952233246]}"
00000000000000000183_0,0.16445,1.3251411,0.6517166,1.9768577,-0.0021499991,0.1623,0.1241,-0.042000003,0.0821,0.12315,-0.0030499995,0.1201,0.1068,-0.0031000003,0.1037,0.11,1.0299625,-0.24018434,0.78977823,-0.028099999,0.0819,0.13665,1.2422727,1.5159689,2.7582417,0.08925,0.2259,0.10804783,0.35978842,0.46783623,486,3,2.7802885,"{""geodesic"":false,""type"":""Point"",""coordinates"":[76.72200922891811,15.183100353367122]}"
00000000000000000184_0,0.3473,1.2829701,0.0711196,1.3540896,-0.017849982,0.32945,0.2707,-0.027400002,0.2433,0.1469,-0.008399993,0.1385,0.1492,-0.015650004,0.13355,0.1809,1.2124664,-0.15892842,1.053538,-0.040199995,0.1407,0.2491,1.3770039,0.42932165,1.8063256,0.0050500035,0.25415,0.15860467,0.12871964,0.2873243,564,3,3.3774056,"{""geodesic"":false,""type"":""Point"",""coordinates"":[76.554293765373,15.091831520500579]}"
00000000000000000185_0,0.2092,1.4477508,0.45447916,1.90223,-0.042849988,0.16635,0.1445,-0.057050005,0.08745,0.106,-0.008199997,0.0978,0.0934,-0.008699998,0.0847,0.0925,0.990364,-0.24006885,0.75029516,-0.028949998,0.06355,0.1665,1.8,1.5162863,3.3162863,0.044249997,0.21075,0.2857143,0.2509244,0.5366387,689,3,6.730406,"{""geodesic"":false,""type"":""Point"",""coordinates"":[76.64035236959165,14.983404865707353]}"
00000000000000000187_0,0.1885,1.9553943,-0.22173798,1.7336563,0.026299998,0.2148,0.0964,0.027499996,0.1239,0.1231,0.011600003,0.1347,0.1072,0.008100003,0.1153,0.0979,0.91324633,0.021705968,0.9349523,0.009899996,0.1078,0.2612,2.6680286,-1.0260991,1.6419295,-0.08420001,0.177,0.45474797,-0.21177045,0.24297753,423,3,0.0,"{""geodesic"":false,""type"":""Point"",""coordinates"":[76.692544487599,15.368512628009391]}"
00000000000000000188_0,0.2922,1.2513919,0.19426034,1.4456521,-0.026199996,0.266,0.2335,-0.049500003,0.184,0.13355,-0.0074499995,0.1261,0.1306,-0.014300004,0.1163,0.16005,1.2254977,-0.1610093,1.0644884,-0.036250003,0.1238,0.19495,1.2180568,0.6753196,1.8933765,0.039450005,0.2344,0.098309845,0.2104562,0.30876607,575,3,6.7496014,"{""geodesic"":false,""type"":""Point"",""coordinates"":[76.748150203686,14.86590522654452]}"
00000000000000000189_0,0.2868,1.3657143,0.6266521,1.9923664,-0.18239999,0.1044,0.21,-0.15759999,0.0524,0.136,-0.021600008,0.1144,0.1387,-0.03689999,0.1018,0.1692,1.2198992,-0.3417066,0.87819254,-0.0798,0.0894,0.2261,1.3362883,0.0093492195,1.3456376,-0.105799995,0.1203,0.1439413,0.0034120705,0.14735337,520,3,4.725312,"{""geodesic"":false,""type"":""Point"",""coordinates"":[76.44838239337531,15.255504565267156]}"
0000000000000000018a_0,0.2697,1.382368,0.23881322,1.6211812,-0.030899987,0.2388,0.1951,-0.04779999,0.1473,0.1228,-0.0019999966,0.1208,0.1132,-0.001500003,0.1117,0.1257,1.110424,-0.25456005,0.8558639,-0.030099995,0.0956,0.1966,1.5640415,1.1336572,2.6976986,0.061299995,0.2579,0.2199814,0.23914164,0.45912305,648,3,1.3342911,"{""geodesic"":false,""type"":""Point"",""coordinates"":[76.59849087735168,14.85261016033955]}"
0000000000000000018b_0,0.3425,1.3259776,0.2927275,1.618705,-0.07249999,0.27,0.2583,-0.0915,0.1668,0.13805,-0.010849997,0.1272,0.1362,-0.016999997,0.1192,0.1666,1.2232013,-0.20390593,1.0192953,-0.045100003,0.1215,0.2121,1.2731092,0.7877962,2.0609055,0.038300008,0.2504,0.12014786,0.2264507,0.34659857,736,3,6.8178124,"{""geodesic"":false,""type"":""Point"",""coordinates"":[76.65849833833087,14.899592049699]}"
0000000000000000018c_0,0.2806,1.3601551,0.36141357,1.7215687,-0.061100006,0.2195,0.2063,-0.07880001,0.1275,0.127,-0.0048000067,0.1222,0.1142,-0.008900002,0.1053,0.1316,1.1523643,-0.2691734,0.8831909,-0.038600005,0.093,0.1744,1.3252279,0.9446645,2.2698925,0.036699995,0.2111,0.13986926,0.24848981,0.38835907,536,3,1.8543341,"{""geodesic"":false,""type"":""Point"",""coordinates"":[76.36205429457142,15.10800119561473]}"
0000000000000000018d_0,0.2218,1.6060826,0.85383004,2.4599125,-0.053049996,0.16875,0.1381,-0.0695,0.0686,0.1098,-0.010350004,0.09945,0.0952,-0.009500004,0.0857,0.0995,1.045168,-0.37655658,0.66861147,-0.0422,0.0573,0.1746,1.7547739,2.894441,4.6492147,0.091800004,0.2664,0.27398762,0.37198088,0.6459685,720,3,29.545435,"{""geodesic"":false,""type"":""Point"",""coordinates"":[76.5468377485148,15.136747284706555]}"
0000000000000000018e_0,0.2193,1.3234762,0.041568123,1.3650442,-0.0033500046,0.21595,0.1657,-0.0075000077,0.1582,0.1173,4.5000017E-4,0.11775,0.112,-0.0038000047,0.1082,0.1334,1.1910713,-0.040424377,1.1506469,-0.008899994,0.1245,0.188,1.4092953,-0.007287358,1.402008,-0.013449997,0.17455,0.16988178,-0.0025184632,0.16736332,484,3,4.7369165,"{""geodesic"":false,""type"":""Point"",""coordinates"":[76.29584845813181,15.335005467911733]}"
